ID_CI,ID_DELITO,DTO,DTO_PRIN,MODA_DTO,FORMA_ACC,FHA_DE_HCHOS,HRA_DE_HCHOS,EMTO_COM_DTO,GRDO_CONS,CLASF_DE_DTO,NOM_ENT_HCHOS,ID_ENT_HCHOS,NOM_MUN_HCHOS,ID_MUN_HCHOS,NOM_LOC_HCHOS,ID_LOC_HCHOS,NOM_COL_HCHOS,ID_COL_HCHOS,CP,COORD_X,COORD_Y,DOM_HCHOS
915,4,"ROBO MOTOCICLETA","ROBO MOTOCICLETA",1,2,2025-04-28,08:00:00,7,1,4.1.2.2,TLAXCALA,29,APETATITLAN,2,APETATITLAN,1,,,90600,19.33212,-98.19645,"REFORMA 10 APETATITLAN"
916,7,"DELITOS CONTRA LA SEGURIDAD DE LA COMUNIDAD","DELITOS CONTRA LA SEGURIDAD DE LA COMUNIDAD",1,2,2025-05-01,09:20:00,7,1,7.10,TLAXCALA,29,PAPALOTLA,41,PAPALOTLA,1,,,90796,19.56368,-98.5785,"CARRETERA VICA CORTA CHIAUTEMPAN PUEBLA PAPALOTLA"
917,4,"ROBO VEHICULO","ROBO VEHICULO",1,1,2025-05-01,15:00:00,1,1,4.1.2.1,TLAXCALA,29,SANTACRUZ,26,SANTACRUZ,1,,,90640,19.35383,-98.15089,"CALLE PRIMERO DE MAYO, NUMERO VEINTE, EL BARRIO DEL ALTO, SANTA CRUZ TLAXCALA"
918,4,"ROBO MOTOCICLETA","ROBO MOTOCICLETA",1,1,2025-04-29,17:30:00,1,1,4.1.2.2,TLAXCALA,29,XICOHTZINCO,42,XICOHTZINCO,1,,,90780,19.18134,-98.24713,"UBICADO EN LA ZONA CONOCIDA COMO “TLALMONTONES”, COMO REFERENCIA HAY UNOS CAMPOS DE FUTBOL DENOMINADOS “LA TORRECILLA DE SANTO TORIBIO”, TLAXCALA."
919,7,NARCOMENUDEO,NARCOMENUDEO,1,2,2025-05-01,,7,1,7.1.1,TLAXCALA,29,APIZACO,5,APIZACO,1,,,90337,19.41524,-98.13936,"APIZACO TLAXCALA"
920,4,"ROBO VEHICULO","ROBO VEHICULO",1,2,2025-05-02,11:30:00,7,1,4.1.2.1,TLAXCALA,29,APIZACO,5,APIZACO,1,CENTRO,,90337,19.414325,-98.150302,"JOSÉFA ORTIZ DE DOMÍNGUEZ ENTRE CALLES FRANCISCO SARABIA Y EMILIO CARRANZA, CENTRO APIZACO, TLAXCALA"
921,4,"ROBO COMERCIO","ROBO COMERCIO",1,2,2025-05-01,,7,1,4.1.11,TLAXCALA,29,CHIAUTEMPAN,10,CHIAUTEMPAN,1,CENTRO,,90805,19.31452,-98.19254,"BERNARDO PICAZO 12 COLONIA CENTRO CHIAUTEMPAN"
922,4,"ROBO ESCUELA","ROBO ESCUELA",1,2,2025-04-13,,7,1,4.1.14,TLAXCALA,29,HUAMANTLA,13,HUAMANTLA,1,"EL CARMEN XALPATLAHUAYA",,905123,19.38682,-97.96661,"UNIDAD TECNOLOGICA DE TLAXCALA HUAMANTLA, TLAXCALA."
923,1,HOMICIDIO,HOMICIDIO,1,1,2025-05-02,,6,1,1.1.1,TLAXCALA,29,"SAN PABLO DEL MONTE",25,"SAN PABLO DEL MONTE",1,"BARRIO SAN SEBASTIAN",,90970,19.0701,-98.11,"CALLES PRIVADA INSURGENTES Y CALLE DE LA SOLEDAD, EN EL BARRIO DE SAN SEBASTIÁN, MUNICIPIO DE SAN PABLO DEL MONTE, TLAXCALA."
924,7,NARCOMENUDEO,NARCOMENUDEO,1,2,2025-05-02,,7,1,7.1.1,TLAXCALA,29,"SAN PABLO DEL MONTE",25,"SAN PABLO DEL MONTE",1,,,90970,19.11475,-98.17886,"AV VENUSTIANO CARRANZA S/N BARRIO DE SAN BARTOLOME SAN PABLO DEL MONTE"
925,4,"ROBO CASA HABITACION","ROBO CASA HABITACION",1,2,2025-05-02,,7,1,4.1.1,TLAXCALA,29,TENANCINGO,27,TENANCINGO,1,"SECCION SEGUNDA",,90880,19.14318,-98.19772,"SECCION SEGUNDA MUNICIPIO DE TENACNCINGO"
926,4,"ROBO MOTOCICLETA","ROBO MOTOCICLETA",1,1,2025-05-01,21:30:00,1,1,4.1.2.2,TLAXCALA,29,TEPETITLA,19,TEPETITLA,1,,,90700,19.25407,-98.37133,"CAMINO REAL DE SAN RAFAEL, MUNICIPIO DE TEPETITLA DE LARDIZÁBAL, TLAXCALA"
927,4,"ROBO MOTOCICLETA","ROBO MOTOCICLETA",1,2,2025-05-03,17:30:00,7,1,4.1.2.2,TLAXCALA,29,APIZACO,5,APIZACO,1,FERROCARRILERA,,90300,19.41271,-98.1334,"PLAZA COMERCIAL APIZACO, LA CUAL ESTÁ UBICADA EN AVENIDA 16 DE SEPTIEMBRE, COLONIA FERROCARRILERA, APIZACO, TLAXCALA"
928,4,"ROBO VEHICULO","ROBO VEHICULO",1,2,2025-05-02,22:00:00,7,1,4.1.2.1,TLAXCALA,29,CALPULALPAN,6,"SANTIAGO CUAULA",18,,,90200,19.59949,-98.64953,"CALLE NARANJO NÚMERO SEIS, DE LA POBLACIÓN DE SANTIAGO CUAULA, MUNICIPIO DE CALPULALPAN, TLAXCALA."
929,4,"ROBO COMERCIO","ROBO COMERCIO",1,2,2025-05-03,,7,1,4.1.11,TLAXCALA,29,CHIAUTEMPAN,10,CHIAUTEMPAN,1,,,90800,19.3145,-98.19799,"CALLE ANTONIO DIAZ VARELA BARRIO DE SAN ONOFRE CHIAUTEMPAN"
930,4,"ROBO MOTOCICLETA","ROBO MOTOCICLETA",1,1,2025-05-03,08:40:00,1,1,4.1.2.2,TLAXCALA,29,"DOMINGO ARENAS",11,"MUÑOZ DE DOMINGO ARENAS",1,,,90420,19.47452,-98.20936,"MUÑOZ DE DOMINGO ARENAS,  TLAXCALA."
931,4,"ROBO VEHICULO","ROBO VEHICULO",1,2,2025-04-13,12:00:00,7,1,4.1.2.1,TLAXCALA,29,QUILETLA,59,QUILETLA,1,,,90867,19.20967,-98.22796,"CALLE VILLAHERMOSA, NÚMERO 26, SANTA CRUZ QUILEHTLA, TLAXCALA"
932,7,COHECHO,COHECHO,1,2,2025-05-02,,7,1,7.10,TLAXCALA,29,TEOLOCHOLCO,28,TEOLOCHOLCO,1,,,90850,19.23376,-98.18186,"JOSE MARIA MORELOS SECCION SEXTA TEOLOCHOLCO TLAXCALA"
933,4,"ROBO VEHICULO","ROBO VEHICULO",1,2,2025-05-02,23:11:00,7,1,4.1.2.1,TLAXCALA,29,TLALTELULCO,48,TLALTELULCO,1,,,90833,19.28833,-98.19531,"CARRETERA VÍA CORTA SANTA ANA-PUEBLA, SIN NÚMERO, BARRIO TECPA MORALES, LA MAGDALENA TLALTELULCO, TLAXCALA"
934,4,"ROBO CASA HABITACION","ROBO CASA HABITACION",1,2,2025-05-03,00:30:00,7,1,4.1.1,TLAXCALA,29,APIZACO,5,"SAN LUIS APIZAQUITO",7,,,90401,19.42956,-9811980,"CALLE LINDA VISTA NÚMERO 13, SAN LUIS APIZAQUITO, APIZACO, TLAXCALA"
935,4,"ROBO VEHICULO","ROBO VEHICULO",1,2,2025-05-04,14:20:00,7,1,4.1.2.1,TLAXCALA,29,APIZACO,5,APIZACO,1,CENTRO,,90300,19.41000,-98.14135,"AVENIDA JUÁREZ ENTRE CALLE EMILIO CARRANZA Y CALLE FRANCISCO SARABIA, COLONIA CENTRO, APIZACO, TLAXCALA, COMO REFERENCIA A UN COSTADO DEL RESTAURANTE DENOMINADO BUFFA WINGS"
936,4,"ROBO OTROS","ROBO OTROS",1,2,2025-05-04,07:26:00,7,1,4.1.14,TLAXCALA,29,CHIAUTEMPAN,10,CHIAUTEMPAN,1,REFORMA,,90800,19.316413,-98.18996,"INTERIOR DE LAS OFICINAS DEL UBR UBICADO EN CALLE FERROCARRIL NORTE DE LA COLONIA REFORMA, CON COORDENADAS GEORREFERENCIALES 19.316413-98.189960"
937,7,"NARCOMENUDEO ","NARCOMENUDEO ",1,2,2025-05-03,20:50:00,7,1,7.1.1,TLAXCALA,29,CUAPIAXTLA,8,CUAPIAXTLA,1,,,90563,19.3019,-97.768805,"TRAMO CARRETERO MÉXICO VERACRUZ KILÓMETRO 160, BARRIO DE SAN ANTONIO CUAPIAXTLA, TLAXCALA, CON GEORREFERENCIAS 19.301900, -97.768805"
938,4,"ROBO CASA HABITACION ","ROBO CASA HABITACION ",1,2,2025-04-04,,7,1,"4.1.1 ",TLAXCALA,29,HUAMANTLA,13,HUAMANTLA,1,,,90500,19.31625,-97.92407,"HUAMANTLA, TLAXCALA."
939,1,HOMICIDIO,HOMICIDIO,1,1,2025-05-04,,1,1,1.1.1,TLAXCALA,29,"SANTA ANA NOPALUCAN",56,NOPALUCAN,1,"BARRIO MEXICO",,901378,19.3027,-98.33477,"CALLE GRANADITAS NÚMERO DIEZ DEL BARRIO MÉXICO, MUNICIPIO DE NOPALUCAN. TLAXCALA."
940,4,"ROBO CASA HABITACION ","ROBO CASA HABITACION ",1,2,2025-05-03,18:30:00,7,1,"4.1.1 ",TLAXCALA,29,SANTACRUZ,26,"SAN MIGUEL CONTLA",5,,,90640,19.37862,-98.13773,"PRIVADA SAN MIGUEL LT 24 3 SAN MIGUEL CONTLA, SANTA CRUZ TLAXCAL"
941,4,"ROBO CASA HABITACION ","ROBO CASA HABITACION ",1,2,2024-05-03,22:15:00,7,1,"4.1.1 ",TLAXCALA,29,SANTACRUZ,26,"SAN MIGUEL CONTLA",5,,,90640,19.37862,-98.13773,"CIRCUITO SAN MIGUEL 1, SAN MIGUEL CONTLA, SANTA CRUZ TLAXCALA"
942,4,"ROBO VEHICULO","ROBO VEHICULO",1,2,2025-05-03,22:00:00,7,1,4.1.2.1,TLAXCALA,29,TOTOLAC,36,"LOS REYES QUIAHUIXTLAN",5,,,90160,"19.336588,",-98.250443,"AVENIDA JUÁREZ, LOS REYES QUIAHUIXTLÁN, TLAX. 90160, CON LOCALIZACIÓN GEORREFERENCIAR 19.336588, -98.250443,"
943,7,"NARCOMENUDEO ","NARCOMENUDEO ",1,2,2025-05-05,17:45:00,7,1,7.1.1,TLAXCALA,29,APIZACO,5,APIZACO,1,CENTRO,,90300,19.41349,-98.14123,"PRIVADA ÁNGEL SOLANA  ENTRE EL BOULEVARD FRANCISCO I MADERO Y CALLE AQUILES SERDÁN LA COLONIA CENTRO DEL MUNICIPIO DE APIZACO,"
944,4,DAÑOS,DAÑOS,1,2,2025-05-04,,7,1,4.5,TLAXCALA,29,CHIAUTEMPAN,10,CHIAUTEMPAN,1,,,90800,19.31427,-98.19095,"CALLE BERNARDO PICAZO CON AV FERROCARRIL BARRIO SAN ONOFRE CHIAUTEMPAN"
945,4,"ROBO VEHICULO","ROBO VEHICULO",1,2,2025-05-05,00:30:00,7,1,4.1.2.1,TLAXCALA,29,CHIAUTEMPAN,10,"SANTA CRUZ TETELA",10,REFORMA,,90833,19.29012,-98.20217,"CALLE REFORMA  DE  LA COMUNIDAD  DE  SANTA CRUZ TETELA, CHIAUTEMPAN, TLAXCALA,"
946,1,"LESIONES ","LESIONES ",2,2,2025-05-04,19:27:00,7,1,"1.2.2 ",TLAXCALA,29,HUAMANTLA,13,HUAMANTLA,1,,,90500,19.318122,-97.919618,"PERTENECIENTE AL MUNICIPIO DE HUAMANTLA TLAXCALA, COMO REFERENCIA A LA ALTURA DEL PANTEÓN DE JESÚS, CUYAS COORDENADAS GEOGRÁFICAS, SON: 19.318122,-97.919618"
947,1,"LESIONES ","LESIONES ",2,2,2025-05-04,19:27:00,7,1,"1.2.2 ",TLAXCALA,29,TERRENATE,30,TERRENATE,1,,,90540,19.469445,-97.921044,"CURVA LIBRAMIENTO TERRENATE-SAN JOSE VILLARREAL  DENOMINADA “LA CANDELARIA” EN TERRENOS DE LABOR  CON COORDENADAS 19.469445,-97.921044 DEL MUNICIPIO DE TERRENATE TLAXCALA"
948,4,"ROBO VEHICULO","ROBO VEHICULO",1,2,2025-05-03,,7,1,4.1.2.1,TLAXCALA,29,TLAXCALA,33,TLAXCALA,,,,90000,19.31865,-98.23624,TLAXCALA
949,4,"ROBO MOTOCICLETA","ROBO MOTOCICLETA",1,2,2025-05-02,21:40:00,7,1,4.1.2.2,TLAXCALA,29,TLAXCALA,33,TLAXCALA,1,CENTRO,,90000,19.32778,-98.22917,"CALLE  RIVEREÑA, COLONIA  CENTRO,  TLAXCALA, TLAXCALA,  COMO REFERENCIA  FRENTE  AL  BAR “MONACO”"
950,4,EXTORSION,EXTORSION,1,1,2025-05-06,14:30:00,7,1,4.4.2,TLAXCALA,29,APIZACO,5,APIZACO,1,CENTRO,,90300,19.41889148,-98.13550717,"SOBRE LA AVENIDA MORELOS FRENTE AL MERCADO SANTA ROSA LOCAL 41 CON COORDENADAS GEORREFERÉNCIALES 19.41889148,-98.13550717 APIZACO TLAXCALA."
951,1,LESIONES,LESIONES,2,2,2025-05-06,,7,1,1.2.2,TLAXCALA,29,APIZACO,5,APIZACO,1,CENTRO,,90300,19.41716,-98.14419,"APIZACO TLAXCALA"
952,4,"ROBO TRANSEUNTE","ROBO TRANSEUNTE",1,1,2025-05-06,06:40:00,2,1,4.1.5,TLAXCALA,29,CALPULALPAN,6,"LA VENTA",38,,,90224,19.5632,-98.68428,"CARRETERA LOS REYES ZACATEPEC A LA ALTURA DE LA COMUNIDAD DE LA VENTA MUNICIPIO DE  CARRETERA LOS REYES ZACATEPEC A LA ALTURA DE LA COMUNIDAD DE LA VENTA MUNICIPIO DE CALPULALPAN, TLAXCALA,, TLAXCALA,"
953,7,"DELITOS CONTRA LA FORMACION DE LAS PERSONAS ","DELITOS CONTRA LA FORMACION DE LAS PERSONAS ",1,2,2025-05-05,,7,1,7.10,TLAXCALA,29,CHIAUTEMPAN,10,CHIAUTEMPAN,1,REFORMA,,90800,19.30128,-9818840,"AV JUAREZ 2 COLONIA REFORMA CHIAUTEMPAN"
954,4,"ROBO ESCUELA","ROBO ESCUELA",1,2,2025-05-06,,7,1,4.1.14,TLAXCALA,29,CHIAUTEMPAN,10,CHIAUTEMPAN,1,,,90800,19.31585,-98.1968,CHIAUTEMPAN
955,4,"ROBO MOTOCICLETA","ROBO MOTOCICLETA",1,1,2025-05-06,12:00:00,7,1,4.1.2.2,TLAXCALA,29,PANOTLA,24,TECHACHALCO,10,,,90145,19.32437,-98.30236,"SANTA CRUZ TECHACHALCO COMUNIDAD DEL MUNICIPIO DE PANOTLA, AL LLEGAR A SU DESTINO EN LA PARADA DE AUTOBÚS LA VENTA DEL LADO DE LA AUTOPISTA SAN MARTIN TEXMELUCAN, TLAXCALA"
956,4,"ROBO COMERCIO","ROBO COMERCIO",1,2,2025-05-02,07:00:00,7,1,4.1.11,TLAXCALA,29,"SAN PABLO DEL MONTE",25,"SAN PABLO DEL MONTE",1,,,90970,19.11567,-98.17484,"CALLE XICOHTENCATL NÚMERO  TRESCIENTOS DIECISÉIS, BARRIO DEL CRISTO DEL MUNICIPIO DE SAN PABLO DEL MONTE, TLAXCALA"
957,5,"INCUMPLIMIENTO DE LA OBLIGACION ALIMENTARIA","INCUMPLIMIENTO DE LA OBLIGACION ALIMENTARIA",1,2,2024-11-12,,7,1,5.3,TLAXCALA,29,TLAXCALA,33,OCOTLAN,8,,,90114,19.315668,-98.22267,"OCOTLAN TLAXCALA"
958,4,"ROBO COMERCIO","ROBO COMERCIO",1,2,2025-03-27,20:39:00,7,1,4.1.11,TLAXCALA,29,TLAXCALA,33,TLAXCALA,8,,,90114,19.315668,-98.22267,"BOULEVAR SANTA ANA-OCOTLAN NO. 20 COL. OCOTLÁN,  TLAXCALA."
959,7,"DESAPARICION COMETIDA POR PARTICULARES","DESAPARICION COMETIDA POR PARTICULARES",1,2,2025-05-05,11:00:00,7,1,7.10,TLAXCALA,29,"SAN LUIS TEOLOCHOLCO ",28,TEOLOCHOLCO,1,,,90850,19.19116,-98.43191,"IGLESIA DE SAN LUIS TEOLOCHOLCO TLAXCALA"
960,4,"ROBO MOTOCICLETA","ROBO MOTOCICLETA",1,2,2025-05-07,08:00:00,7,1,4.1.2.2,TLAXCALA,29,APETATITLAN,2,APETATITLAN,1,,,90606,19.35213,-98.19092,APETATITLAN
961,7,NARCOMENUDEO,NARCOMENUDEO,1,2,2025-05-07,15:30:00,7,1,7.1.1,TLAXCALA,29,"BENITO JUAREZ",45,"BENITO JUAREZ",1,,,90235,19.583097,-98.4229,"CALLE PANAMÁ ESQUINA CON AVENIDA EJÉRCITO NACIONAL BENITO JUAREZ"
962,7,"ENCUBRIMIENTO POR FAVORECIMIENTO","ENCUBRIMIENTO POR FAVORECIMIENTO",1,2,2025-05-07,08:53:00,7,1,7.10,TLAXCALA,29,IXTENCO,16,IXTENCO,1,,,90580,19.25165,-98.89489,"PLAZA DE LA CONSTITUCIÓN DEL BARRIO DE SAN JUAN PERTENECIENTE AL MUNICIPIO DE IXTENCO, TLAXCALA"
963,4,"ROBO TRANSEUNTE","ROBO TRANSEUNTE",1,1,2025-05-07,10:10:00,1,1,4.1.5,TLAXCALA,29,"SAN PABLO DEL MONTE",25,"SAN PABLO DEL MONTE",1,,,90970,19.117845,-98169165,"AVENIDA TLAXCALA ESQUINA CON CALLE PINO SUAREZ DEL BARRIO DE SAN BARTOLOMÉ SAN PABLO DEL MONTE TLAXCALA"
964,4,"ROBO VEHICULO","ROBO VEHICULO",1,2,2025-05-08,12:45:00,7,1,4.1.2.1,TLAXCALA,29,APETATITLAN,2,APETATITLAN,1,,,90600,19.32952,-98.19412,"ESTACIONAMIENTO SIN NOMBRE, EN CALLE RIVEREÑA S/N, MUNICIPIO DE SAN PABLO APETATITLAN DE ANTONIO CARVAJAL, TLAX., A LA ALTURA DE LA INTERSECCIÓN ENTRE LA CALLE RIVEREÑA Y LA CARRETERA CHIAUTEMPAN-TLAXCALA,"
965,7,NARCOMENUDEO,NARCOMENUDEO,1,2,2025-05-08,,7,1,7.1.1,TLAXCALA,29,CONTLA,18,CONTLA,1,,,90193,19.330395,-98744971,"CALLE MONTENEHUATZI SECCION SEXTA CONTLA TLAXCALA CORDENADAS 19.330395, -98744971"
966,4,"ROBO CASA HABITACION","ROBO CASA HABITACION",1,2,2025-05-07,19:00:00,7,1,4.1.1,TLAXCALA,29,"SAN POABLO DEL MONTE",25,"SAN PABLO DEL MONTE",1,,,90970,19.12205,-98.17991,"PRIVADA DE ÁLVARO OBREGÓN NÚMERO 14 BARRIO DE SAN SEBASTIÁN DEL MUNICIPIO DE SAN PABLO DEL MONTE, TLAXCALA"
967,7,NARCOMENUDEO,NARCOMENUDEO,1,2,2025-05-08,,7,1,7.1.1,TLAXCALA,29,TLAXCALA,33,TLAXCALA,1,,,90000,19.29241,-98.23861,"LIBRAMIENTO PONIENTE S/N COL UNITLAX TLAXCALA"
968,4,"ROBO VEHICULO","ROBO VEHICULO",1,1,2025-05-07,23:00:00,1,1,4.1.2.1,TLAXCALA,29,TLAXCALA,33,TLAXCALA,1,,,90062,19.31547,-98.24572,"CALLE 1BIS, LA LOMA XICOHTENCATL, MUNICIPIO DE TLAXCALA, TLAXCALA"
969,4,"ROBO VEHICULO","ROBO VEHICULO",1,1,2025-05-07,21:40:00,1,1,4.1.2.1,TLAXCALA,29,TOTOLAC,36,"LA CANDELARIA TEOTLALPAN ",3,,,90168,19.331655,-98.23468,"LA CANDELARIA TEOTLALPAN TOTOLAC"
970,7,"DESAPARICION COMETIDA POR PARTICULARES","DESAPARICION COMETIDA POR PARTICULARES",1,2,2025-04-22,21:00:00,7,1,7.10,TLAXCALA,29,"APIZACO ",5,APIZACO,1,,,90300,19.41569,-98.14965,"CALLE JESUS CARRANZA, COLONIA CENTRO DE APIZACO, TLAXCALA"
971,1,HOMICIDIO,HOMICIDIO,1,1,2025-05-09,,6,1,1.1.1,TLAXCALA,29,APIZACO,5,"SANTA MARIA TEXCALAC",10,,,90402,19.437848,-98.06025,"AVENIDA XICOHTENCATL, DE LA COMUNIDAD DE SANTA MARÍA TEXCALAC, PERTENECIENTE AL MUNICIPIO DE APIZACO coordenadas georreferenciales próximas al lugar 19.437848, -98.060250"
972,4,"ROBO MOTOCICLETA","ROBO MOTOCICLETA",1,1,2025-05-09,23:40:00,7,1,4.1.2.2,TLAXCALA,29,APIZACO,5,"SANTA ANITA HUILOAC",9,,,90407,19.375832,-98.1477561,"LIBRAMIENTO HUAMANTLA, A LA ALTURA DE LA COMUNIDAD DE SANTA ANITA HUILOAC, MUNICIPIO DE APIZACO, TLAXCALA"
973,4,"ROBO MOTOCICLETA","ROBO MOTOCICLETA",1,2,2025-05-08,22:00:00,7,1,4.1.2.2,TLAXCALA,29,APIZACO,5,APIZACO,1,,,90300,19.41812,-98.14756,"2 DE ABRIL DE LA COLONIA CENTRO DEL MUNICIPIO DE APIZACO"
974,4,"ROBO OTROS","ROBO OTROS",1,2,2025-05-07,12:30:00,7,1,4.1.14,TLAXCALA,29,CALPULALPAN,6,"LA VENTA",38,,,90224,19.5632,-98.68428,"CARRETERA MÉXICO VERACRUZ, KILÓMETRO 45, A LA ALTURA DE LA VENTA, CALPULALPAN TLAXCALA CALPULALPAN, TLAXCALA"
975,4,"ROBO VEHICULO","ROBO VEHICULO",1,1,2025-05-08,17:30:00,1,1,4.1.2.1,TLAXCALA,29,MAZATECOCHCO,17,MAZATECOCHCO,1,,,90790,19.17817,-98.194326,"CARRETERA VÍA CORTA PUEBLA – CHIAUTEMPAN, A LA ALTURA DE SAN COSME MAZATECOCHCO, MAZATECOCHCO DE JOSÉ MARÍA MORELOS, TLAXCALA"
976,4,"ROBO MOTOCICLETA","ROBO MOTOCICLETA",1,1,2025-05-09,05:40:00,1,1,4.1.2.2,TLAXCALA,29,TEPETITLA,19,TEPETITLA,1,,,90700,19.27075,-98.38044,"CALLE NARCISO MENDOZA, SIN NÚMERO, TEPETITLA DE LARDIZÁBAL, TEPETITLA DE LARDIZÁBAL, TLAXCALA"
977,7,"DELITOS CONTRA LA SEGURIDAD DE LA COMUNIDAD ","DELITOS CONTRA LA SEGURIDAD DE LA COMUNIDAD ",1,2,2025-05-08,07:45:00,7,1,7.10,TLAXCALA,29,XALOZTOC,39,XALOZTOC,1,,,90460,19.40442,-98.05128,"SAN COSME XALOSTOC TLAXCALA"
978,7,COHECHO,COHECHO,1,2,2025-05-10,,7,1,7.10,TLAXCALA,29,AXOCOMANITLA,54,AXOCOMANITLA,1,,,90760,19.22712,-98.25054,"SOBRE LA CALLE POZO DE AGUA A LA ALTURA DE BARRANCA DE BRIONES AXOCOMANITLA"
979,4,"ROBO MOTOCICLETA","ROBO MOTOCICLETA",1,2,2025-05-09,21:35:00,7,1,4.1.2.2,TLAXCALA,29,CONTLA,18,CONTLA,1,,,90670,19.329105,-98.167096,"PROLONGACIÓN PRINCIPAL S/N, SECCIÓN SÉPTIMA, CP. 90670, MUNICIPIO DE CONTLA DE JUAN CUAMATZI, ESTADO DE TLAXCALA"
980,4,"ROBO TRANSPORTISTA","ROBO TRANSPORTISTA",1,1,2025-05-10,13:00:00,1,1,4.1.4,TLAXCALA,29,HUAMANTLA,13,"LAZARO CARDENAS ",19,,,90520,19.35976,-97.98666,"LAZARO CARDENAS HUAMANTLA, TLAXCALA"
981,4,"ROBO VEHICULO","ROBO VEHICULO",1,1,2025-05-09,21:00:00,1,1,4.1.2.1,TLAXCALA,29,TECOPILCO,55,TECOPILCO,1,,,90455,19.4783141,-98.2699179,"CARRETERA MÉXICO – VERACRUZ POR LA ENTRADA SAN LUCAS TECOPILCO, TLAXCALA."
982,4,"ROBO VEHICULO","ROBO VEHICULO",1,1,2025-05-09,12:00:00,1,1,4.1.2.1,TLAXCALA,29,TLAXCALA,33,TLAXCALA,1,,,90000,19.31853,-98.23628,TLAXCALA
983,4,"ROBO MOTOCICLETA","ROBO MOTOCICLETA",1,2,2025-05-10,12:05:00,7,1,4.1.2.2,TLAXCALA,29,TLAXCALA,33,"SANTA MARIA IXTULCO",17,,,90105,19.32597,-98.20776,"AVENIDA FERROCARRIL MEXICANO NÚMERO VEINTINUEVE, DE LA POBLACIÓN DE SANTA MARÍA IXTULCO, MUNICIPIO DE TLAXCALA, TLAXCALA; A LA ALTURA DEL GIMNASIO MAJESTIC GYM"
984,4,"ROBO VEHICULO","ROBO VEHICULO",1,1,2025-05-09,16:30:00,1,1,4.1.2.1,TLAXCALA,29,TLAXCO,34,"MARIANO MATAMOROS ",38,,,90262,19.65697,-98.27803,"MARIANO MATAMOROS MUNICIPIO DE TLAXCO, TLAXCALA"
985,4,"ROBO VEHICULO","ROBO VEHICULO",1,1,2025-05-08,21:00:00,1,1,4.1.2.1,TLAXCALA,29,TLAXCO,34,TLAXCO,1,,,90250,19.62159,-98.12281,"AUTOPISTA TEJOCOTAL, TLAXCO, TLAXCALA KILÓMETRO 73."
986,4,"ROBO MOTOCICLETA","ROBO MOTOCICLETA",1,2,2025-05-11,15:30:00,7,1,4.1.2.2,TLAXCALA,29,APIZACO,5,APIZACO,1,"LA CIENEGA",,90300,19.41271,-98.1334,"PLAZA APIZACO, CARRETERA A HUAMANTLA KILÓMETRO 2407, LA CIÉNEGA, MUNICIPIO DE APIZACO, ESTADO DE TLAXCALA"
987,7,"ALLANAMIENTO DE MORADA","ALLANAMIENTO DE MORADA",1,2,2025-05-11,04:30:00,7,1,7.3,TLAXCALA,29,PANOTLA,24,"SANTA ELENA ",29,,,90140,19.324046,-98.270224,"INTERIOR DEL DOMICILIO UBICADO EN CALLE HERRADURA NO. 19, FRACCIONAMIENTO SANTA ELENA MUNICIPIO DE PANOTLA, TLAXCALA CON COORDENADAS GEORREFERENCIALES 19.324046,-98.270224"
988,4,"ROBO VEHICULO","ROBO VEHICULO",1,2,2025-05-11,03:00:00,7,1,4.1.2.1,TLAXCALA,29,QUILETLA,59,QUILETLA,1,,,90867,19.41271,-98.1334,"CALLE 15 DE SEPTIEMBRE, SANTA CRUZ QUILEHTLA, ESTADO DE TLAXCALA (COMO REFERENCIA FRENTE A LA IGLESIA)"
989,1,FEMINICIDIO,FEMINICIDIO,1,1,2025-05-11,,7,1,1.3,TLAXCALA,29,"SAN PABLO DEL MONTE",25,"SAN PABLO DEL MONTE",1,,,90790,19.17817,-98.194326,"CALLE 3 DE MAYO, BARRIO DE SAN COSME, MUNICIPIO DE SAN PABLO DEL MONTE, TLAXCALA"
990,1,LESIONES,LESIONES,2,2,2025-05-11,10:25:00,7,1,1.2.2,TLAXCALA,29,TEPETITLA,19,TEPETITLA,1,,,90700,"19.29849233807893, -98.40380653591332",-98.403806535913,"CARRETERA FEDERAL SAN MARTIN TEXMELUCAN, COMUNIDAD DE VILLA ALTA PERTENECIENTE AL MUNICIPIO DE TEPETITLA DE LARDIZABAL, COMO REFERENCIA FRENTE A LA UNIDAD HABITACIONAL DENOMINADA “LAS PALOMAS”"
991,4,"ROBO CASA HABITACION","ROBO CASA HABITACION",1,2,2025-05-12,07:00:00,7,1,4.1.1,TLAXCALA,29,AXOMANITLA,54,AXOCOMANITLA,1,,,90760,19.22712,-98.25054,"CALLE JUAN VENECIA 6 A SAN LORENZO AXOCOMANITLA"
992,1,HOMICIDIO,HOMICIDIO,1,1,2025-05-12,,1,1,1.1.1,TLAXCALA,29,CALPULALPAN,6,CALPULALPAN,1,"SAN RAFAEL",,90203,19.592891,-98.5663711,"CALLE MÉXICO, COLONIA SAN RAFAEL, CALPULALPAN, TLAXCALA, EN LAS  COORDENADAS 19.5928910, -98.5663711"
993,4,"ROBO CASA HABITACION ","ROBO CASA HABITACION ",1,2,2025-05-10,17:00:00,7,1,"4.1.1 ",TLAXCALA,29,NANACAMILPA,21,"NANACAMILPA ",1,,,90280,"19.501722801114294,",-98.557177796004,"NANACAMILPA TLAXCALA"
994,7,"PORTACION DE OBJETO APTO PARA AGREDIR","PORTACION DE OBJETO APTO PARA AGREDIR",1,2,2025-05-12,,7,1,7.10,TLAXCALA,29,NOPALUCAN,56,NOPALUCAN,1,,,90120,19.31060663714,", -98.33597594946208","BOULEVAR BUENOS AIRES SANTA ANA NOPALUCAN"
995,4,"ROBO CASA HABITACION","ROBO CASA HABITACION",1,2,2025-05-11,,7,1,4.1.1,TLAXCALA,29,SANTACRUZ,26,"SANTA CRUZ ",1,,,90640,"19.35362504118476, ",-98.152047250135,"SANTACRUZ TLAXCALA"
996,4,"ROBO VEHICULO","ROBO VEHICULO",1,1,2025-05-11,01:00:00,1,1,4.1.2.1,TLAXCALA,29,TECOPILCO,55,TECOPILCO,1,,,90455,19.4783141,-98.2699179,"CARRETERA CALPULALPAN APIZACO EN DIRECCIÓN A CALPULALPAN, COMO REFERENCIA CERCA DE LAS COORDENADAS 19.4783141 -98.2699179, CÓDIGO POSTAL 90445, MUNICIPIO DE SAN LUCAS TECOPILCO, TLAXCALA."
997,4,"ROBO TRANSEUNTE","ROBO TRANSEUNTE",1,1,2025-05-12,,1,1,4.1.5,TLAXCALA,29,TLAXCALA,33,TLAXCALA,1,,,90000,"19.313952172710884, ",-98.239326554369,TLAXCALA
998,1,"HOMICIDIO CULPOSO ","HOMICIDIO CULPOSO ",2,2,2025-05-12,,7,1,1.1.2,TLAXCALA,29,ZACATELCO,44,ZACATELCO,1,,,90740,19.22060162,-98.24002316366,"CARR FED PUEBLA TLXCALA SECCION PRIMERA ZACATELCO"
999,7,"DESAPARICION COMETIDA POR PARTICULARES","DESAPARICION COMETIDA POR PARTICULARES",1,2,2025-05-06,,7,1,7.10,TLAXCALA,29,"CHIAUTEMPAN ",10,CHIAUTEMPAN,1,,,90804,19.30958,-98.518659,"CALLE PROGRESO, BARRIO TEXCACOAC, CHIAUTEMPAN, TLAXCALA"
1000,7,"DESAPARICION COMETIDA POR PARTICULARES","DESAPARICION COMETIDA POR PARTICULARES",1,2,2025-05-12,13:15:00,7,1,7.10,TLAXCALA,29,"CHIAUTEMPAN ",10,CHIAUTEMPAN,1,,,90804,19.30752,-98.19592,"CALLE MANUEL SALDAÑA SUR, CHIAUTEMPAN TLAXCALA"
1001,7,"ENCUBRIMIENTO POR FAVORECIMIENTO","ENCUBRIMIENTO POR FAVORECIMIENTO",1,2,2025-05-13,,7,1,7.10,TLAXCALA,29,APIZACO,5,APIZACO,1,,,90337,19.41524,-98.13936,APIZACO
1002,4,"ROBO VEHICULO","ROBO VEHICULO",1,2,2025-05-13,14:30:00,7,1,4.1.2.1,TLAXCALA,29,APIZACO,5,APIZACO,1,CENTRO,,90337,19.41524,-98.13936,"CALLE 2 DE ABRIL ESQUINA CON AVENIDA 20 DE NOVIEMBRE, COLONIA CENTRO, APIZACO, TLAXCALA,"
1003,4,DAÑOS,DAÑOS,1,2,2025-05-13,06:00:00,7,1,4.5,TLAXCALA,29,CALPULALPAN,6,CALPULALPAN,1,CENTRO,,90200,"19.59366873340553,",-98.571969449455,"CALLE XICOHTÉNCATL Y RINCÓN DE LAS AZUCENAS CALPULALPAN"
1004,4,"ROBO VEHICULO","ROBO VEHICULO",1,2,2025-05-13,12:10:00,7,1,4.1.2.1,TLAXCALA,29,CHIAUTEMPAN,10,CHIAUTEMPAN,1,CENTRO,,90800,"19.314444065482135, ",-98.192486370759,"CALLE ANTONIO DIAZ VARELA, COLONIA CENTRO, MUNICIPIO DE CHIAUTEMPAN, TLAXCALA"
1005,4,"ROBO COMERCIO","ROBO COMERCIO",1,1,2025-05-12,18:50:00,1,1,4.1.11,TLAXCALA,29,HUAMANTLA,13,HUAMANTLA,1,CENTRO,,90500,"19.315450690397668,",-97.925704729993,"CALLE GUERRERO SIN NÚMERO ENTRE CALLES MORELOS Y ABASOLO Y EL LUGAR DE LA DETENCIÓN SIENDO EN CALLE GUERRERO ENTRE CALLE JOSEFA ORTIZ DE DOMÍNGUEZ Y CALLE FELIPE SANTIAGO XICOHTENCATL, COLONIA CENTRO, PERTENECIENTE AL MUNICIPIO DE HUAMANTLA, TLAXCALA."
1006,7,COHECHO,COHECHO,1,2,2025-05-12,15:15:00,7,1,7.10,TLAXCALA,29,"SAN PABLO DEL MONTe",25,"SAN PABLO DEL MONTE",1,CENTRO,,90970,"19.136156665364084,",-98.135035061013,"SAN PABLO DEL MONTE, TLAXCALA"
1007,1,"LESIONES ","LESIONES ",2,2,2025-05-13,06:56:00,7,1,"1.2.2 ",TLAXCALA,29,TETLA,31,TETLA,1,,,90432,"19.560549663749878, ",-98.128183630498,"CIUDAD INDUSTRIAL XICOHTENCATL SIN NÚMERO, TETLA DE LA SOLIDARIDAD,"
1008,4,"ROBO VEHICULO","ROBO VEHICULO",1,1,2025-05-12,22:45:00,1,1,4.1.2.1,TLAXCALA,29,TLAXCALA,33,TLAXCALA,1,CENTRO,,90000,"19.313952172710884, ",-98.239326554369,"CALLE DIEGO MUÑOZ CAMARGO, COLONIA CENTRO, MUNICIPIO DE TLAXCALA, TLAXCALA"
1009,4,"ROBO EN GRADO DE TENT","ROBO EN GRADO DE TENT",1,1,2025-05-13,06:30:00,1,2,4.7,TLAXCALA,29,TOTOLAC,36,TOTOLAC,1,,,90160,"19.32434354593335, ",-98.25713642843,"CARRETERA FEDERAL SAN MARTIN-TLAXCALA, EL CHAMIZAL ATZINCO, SAN JUAN TOTOLAC, TLAXCALA"
1010,4,"ROBO MOTOCICLETA","ROBO MOTOCICLETA",1,1,2025-05-12,23:00:00,1,1,4.1.2.2,TLAXCALA,29,YAUHQUEMEHCAN,43,YAUHQUEMEHCAN,1,,,90454,"19.388621551464247, -98.1770401750064",-98.177040175006,"“Y”, MUNICIPIO DE YAUHQUEMEHCAN, TLAXCALA"
1011,7,"DESAPARICION COMETIDA POR PARTICULARES","DESAPARICION COMETIDA POR PARTICULARES",1,2,2025-05-12,20:31:00,7,1,7.10,TLAXCALA,29,"CHIAUTEMPAN ",10,CHIAUTEMPAN,1,,,90804,19.31566,-98.19483,"COLONIA CENTRO, CHIAUTEMPAN, TLAXCALA"
1012,4,"ROBO CASA HABITACION","ROBO CASA HABITACION",1,2,2025-05-13,12:00:00,7,1,4.1.1,TLAXCALA,29,HUAMANTLA,13,HUAMANTLA,1,,,90500,"19.320670578809207, ",-97.907443876452,"CALLE BENEMÉRITA DE AMÉRICAS NÚMERO 101, B FRACCIONAMIENTO LA PALMAHUAMANTLA, TLAXCALA."
1013,4,"ROBO CASA HABITACION","ROBO CASA HABITACION",1,2,2025-05-14,09:45:00,7,1,4.1.1,TLAXCALA,29,NANACAMILPA,21,"NANACAMILPA ",1,,,90280,"19.495343068603322, ",-98.538547442837,"CALLE BERRIOZÁBAL, NÚMERO 401, BARRIO DE CHAPULTEPEC, NANACAMILPA DE MARIANO ARISTA, TLAXCALA"
1014,4,"ROBO COMERCIO","ROBO COMERCIO",1,2,2025-05-13,13:39:00,7,1,4.1.11,TLAXCALA,29,PAPALOTLA,41,PAPALOTLA,1,,,90796,"19.15104128116985,",-98.218811784013,"PRIVADA INDUSTRIAS NUMERO 8, DE PANZACOLA, PAPALOTLA, TLAXCALA,"
1015,4,"ROBO CASA HABITACION ","ROBO CASA HABITACION ",1,2,2025-05-13,09:00:00,7,1,"4.1.1 ",TLAXCALA,29,SANTACRUZ,26,"SAN MIGUEL CONTLA",5,,,90640,19.37862,-98.13773,"AVENIDA SAN MIGUEL MANZANA 3 LOTE 4 7 VILLAS DE SAN MIGUEL CONTLA, MUNICIPIO DE SANTA CRUZ TLAXCALA"
1016,4,"ROBO VEHICULO","ROBO VEHICULO",1,1,2025-05-13,21:00:00,1,1,4.1.2.1,TLAXCALA,29,TLAXCO,34,TLAXCO,1,,,90250,"19.614711651319766,",-98.118194644211,"TLAXCO, TLAXCALA"
1017,1,"LESIONES ","LESIONES ",2,2,2024-05-13,14:20:00,7,1,"1.2.2 ",TLAXCALA,29,ZACATELCO,44,ZACATELCO,1,"DOMINGO ARENAS",,90754,"19.182050817982603,",-98.291770458778,"AVENIDA JUÁREZ Y AVENIDA CADENA, COLONIA DOMINGO ARENAS, ZACATELCO, TLAXCALA"
1018,4,"ROBO MOTOCICLETA","ROBO MOTOCICLETA",1,2,2025-05-15,18:45:00,7,1,4.1.2.2,TLAXCALA,29,APIZACO,5,APIZACO,1,"SAN MIGUEL",,90300,"19.41730460516564, ",-98.147789005284,"BOULEVARD FRANCISCO I. MADERO, NÚMERO 1302, ENTRE AVENIDA JOSEFA ORTIZ DE DOMÍNGUEZ, COLONIA SAN MIGUEL, MUNICIPIO DE APIZACO, TLAXCALA"
1019,4,"ROBO COMERCIO","ROBO COMERCIO",1,1,2025-05-15,08:05:00,1,1,4.1.11,TLAXCALA,29,CHIAUTEMPAN,10,CHIAUTEMPAN,1,TLAPACOYA,,90800,"19.32066557571863,",-98.193415020627,"AVENIDA LA PAZ NÚMERO 2, COLONIA BARRIO TLAPACOYA, CHIAUTEMPAN, TLAXCALA"
1020,4,"ROBO CASA HABITACION","ROBO CASA HABITACION",1,2,2025-05-13,14:40:00,7,1,4.1.1,TLAXCALA,29,NATIVITAS,23,"JESÚS TEPACTEPEC ",6,,,90710,"19.228632854208783, ",-98.313419599079,"PRIVADA DE LA HUERTA NÚMERO 10 DE LA COMUNIDAD DE JESÚS TEPACTEPEC DE MUNICIPIO DE NATIVITAS TLAXCALA"
1021,4,"ROBO MOTOCICLETA","ROBO MOTOCICLETA",1,1,2025-05-15,13:00:00,1,1,4.1.2.2,TLAXCALA,29,ZACATELCO,44,ZACATELCO,1,NEXTLALPAN,,90740,"19.22295868465969,",-98.236892980769,"CALLE 2D CERRADA BUENA VISTA COLONIA NEXTLALPAN ZACATELCO, TLAXCALA"
1022,7,"DESAPARICION COMETIDA POR PARTICULARES","DESAPARICION COMETIDA POR PARTICULARES",1,2,2025-05-15,07:00:00,7,1,7.10,TLAXCALA,29,"TLAXCALA ",33,TLAXCALA,1,,,90000,19.31861,-98.23602,"COLONIA CENTRO, TLAXCALA TLAXCALA"
1023,5,"VIOLENCIA FAMILIAR","VIOLENCIA FAMILIAR",1,1,2025-05-12,,3,1,5.1,TLAXCALA,29,APETATITLAN,2,APETATITLAN,1,,,90600,"19.33217997397697, ",-98.196294875704,APETATITLAN
1024,4,"ROBO COMERCIO","ROBO COMERCIO",1,2,2025-05-14,08:00:00,7,1,4.1.11,TLAXCALA,29,CHIAUTEMPAN,10,CHIAUTEMPAN,1,CHALMA,,90800,"19.321095863277918, -98.18948772904135",,"CALLE JUAN ESCUTIA NÚMERO 3, COLONIA CHALMA, CHIAUTEMPAN, TLAXCALA"
1025,7,NARCOMENUDEO,NARCOMENUDEO,1,2,2025-05-15,16:47:00,7,1,7.1.1,TLAXCALA,29,PANOTLA,24,"SANTA CRUZ TECHACHALCO",10,,,90140,"19.328371383793556, ",-98.300472680825,"CALLE ALDAMA ESQUINA CON CALLE LA HUERTA, DE LA COMUNIDAD DE SANTA CRUZ TECHACHALCO, MUNICIPIO DE PANOTLA, TLAXCALA"
1026,4,"ROBO COMERCIO","ROBO COMERCIO",1,2,2025-05-15,16:28:00,7,1,4.1.11,TLAXCALA,29,PANOTLA,24,"SANTA CRUZ TECHACHALCO",10,,,90145,"19.325081008924162, ",-98.295097533877,"PROLONGACIÓN INDEPENDENCIA, NUMERO 14 A, DE LA COMUNIDAD DE SANTA CRUZ TECHACHALCO, MUNICIPIO DE PANOTLA, TLAXCALA"
1027,4,"ROBO COMERCIO","ROBO COMERCIO",1,2,2025-05-16,05:21:00,7,1,4.1.11,TLAXCALA,29,TLAXCALA,33,TLAXCALA,1,,,90000,19.320809,-98.240022,"COLEGIO MILITAR TLAXCALA, COMO REFERENCIA POR EL PUENTE ROJO CON COORDENADAS GEORREFERENCIALES 19.320809-98.240022"
1028,1,"LESIONES ","LESIONES ",2,2,2025-05-17,16:41:00,7,1,"1.2.2 ",TLAXCALA,29,CALPULALPAN,6,CALPULALPAN,1,,,90200,"19.59019902271509, ",-98.555569070127,"SOBRE LA CARRETERA LOS REYES ZACATEPEC, CALPULALPAN"
1029,4,"ROBO TRANSEUNTE","ROBO TRANSEUNTE",1,1,2025-05-16,18:30:00,1,1,4.1.5,TLAXCALA,29,CHIAUTEMPAN,10,CHIAUTEMPAN,1,"EL ALTO",,90800,19.312019,-98.205671,"CALLE COAHUILA SIN NUMERO, COLONIA EL ALTO, DEL MUNICIPIO DE CHIAUTEMPAN, TLAXCALA, COMO REFERENCIA INTERSECCIÓN DE LA AVENIDA AGUASCALIENTES, CON COORDENADAS GEORREFERENCIALES 19.312019-98.205671"
1030,4,"ROBO COMERCIO","ROBO COMERCIO",1,2,2025-05-17,07:00:00,7,1,4.1.11,TLAXCALA,29,TLAXCALA,33,"SANTA MARÍA IXTULCO",17,,,90000,"19.32749278468555, -98.2074035707425",-98.207403570742,"AVENIDA XICOHTÉNCATL, NÚMERO 39, INTERIOR B, SANTA MARÍA IXTULCO, MUNICIPIO DE TLAXCALA, ESTADO DE TLAXCAL"
1031,4,"ROBO VEHICULO","ROBO VEHICULO",1,2,2025-03-17,11:00:00,7,1,4.1.2.1,TLAXCALA,29,TLAXCALA,33,"OCOTLÁN -",8,,,90000,"19.316095129276583, ",-98.224089751676,"OCOTLÁN - STA. ANA 20, OCOTLÁN, 90100 OCOTLÁN, TLAX"
1032,4,"ROBO VEHICULO","ROBO VEHICULO",1,2,2025-05-17,05:00:00,7,1,4.1.2.1,TLAXCALA,29,TOCATLAN,35,TOCATLAN,1,CENTRO,,90480,"19.390406795352472,",-98.03166098517,"BENITO JUÁREZ, CASI ESQUINA CALLE ÁLVARO OBREGÓN, COLONIA CENTRO, MUNICIPIO DE TOCATLAN, ESTADO DE TLAXCALA"
1033,1,HOMICIDIO,HOMICIDIO,1,1,2025-05-18,,1,1,1.1.1,TLAXCALA,29,"SANTA APOLINIA TEACALCO",57,"SANTA APOLONIA TEACALCO",1,,,90725,19.25043,-9831017,"CALLE EL CARRIL, SIN NÚMERO MUNICIPIO DE SANTA APOLONIA TEACALCO, TLAXCALA"
1034,4,"ROBO VEHICULO","ROBO VEHICULO",1,2,2025-05-17,20:30:00,7,1,4.1.2.1,TLAXCALA,29,APIZACO,5,APIZACO,1,FATIMA,,90300,"19.408127709337126, ",-98.146713084693,"CALLE 21 DE MARZO, COLONIA FÁTIMA, APIZACO, TLAXCALA"
1035,4,"ROBO TRANSEUNTE","ROBO TRANSEUNTE",1,1,2025-05-18,16:11:00,1,1,4.1.5,TLAXCALA,29,CHIAUTEMPAN,10,CHIAUTEMPAN,1,,,90800,19.30732,98.18193,"CALLE ADOLFO LÓPEZ MATEOS DEL BARRIO DE TEXCACOAC, MUNICIPIO DE CHIAUTEMPAN, COMO REFERENCIA A 100 METROS DEL RECINTO FERIAL CON GEORREFERENCIA 19.307320,98.181930"
1036,4,"ROBO CASA HABITACION","ROBO CASA HABITACION",1,2,2025-05-17,,7,1,4.1.1,TLAXCALA,29,PANOTLA,24,"PANOTLA ",1,,,90140,"19.31235304127823, ",-98.272757999597,"PANOTLA TLAXCALA"
1037,4,"ROBO COMERCIO","ROBO COMERCIO",1,2,2025-05-18,12:00:00,7,1,4.1.11,TLAXCALA,29,TLAXCALA,33,"SAN ESTEBAN TIZATLAN",11,,,90000,19.3384208,-98.20985,"KM 27+700, AUTOPISTA SAN MARTÍN TEXMELUCAN-TLAXCALA-EL MOLINITO, SAN ESTEBAN TIZATLAN, TLAXCALA, GEORREFERENCIA 19.3384208,-98.20985"
1038,4,"ROBO VEHICULO","ROBO VEHICULO",1,1,2025-05-17,18:30:00,1,1,4.1.2.1,TLAXCALA,29,YAUHQUEMEHCAN,43,"SANTA MARÍA ATLIHUETZIAN",6,,,90459,"19.376109592482884,",-98.175456976515,"IGNACIO ZARAGOZA, TERCERA SECCIÓN, 90459 SANTA MARÍA ATLIHUETZIAN, TLAXCALA"
1039,1,HOMICIDIO,HOMICIDIO,1,1,2025-05-18,,1,1,1.1.1,TLAXCALA,29,ZACATELCO,44,ZACATELCO,1,"BARRIO MIXTLALPAN",,90740,19.22374,-98.23699,"CALLE TLAXCALA NORTE, SIN NUMERO, ENTRE CALLE BUENA VISTA Y PRIVADA NIÑOS HÉROES, BARRIO NEXTLALPAN, SECCIÓN PRIMERA, MUNICIPIO DE ZACATELCO"
1040,2,"SECUESTRO ","SECUESTRO ",1,1,2025-05-19,,1,1,2.1.1,TLAXCALA,29,APIZACO,5,APIZACO,1,,,90337,19.41524,-98.13936,APIZACO
1041,4,"ROBO COMERCIO","ROBO COMERCIO",1,2,2025-05-11,18:00:00,7,1,4.1.11,TLAXCALA,29,CHIAUTEMPAN,10,CHIAUTEMPAN,1,CENTRO,,90800,"19.31571448094444, ",-98.201370747617,"CALLE ANTONIO DÍAZ VARELA 135, SAN ONOFRE, CENTRO, CHIAUTEMPAN, TLAXCALA"
1042,1,HOMICIDIO,HOMICIDIO,1,1,2025-05-19,,6,1,1.1.1,TLAXCALA,29,HUAMANTLA,13,HUAMANTLA,1,,,90500,19.30924,-97.92186,"CALLE NEGRETE NÚMERO 213 FRENTE A LA ENTRADA DE IGNACIO ZARAGOZA DEL MUNICIPIO DE HUAMANTLA TLAXCALA"
1043,7,"VIOLACION A LAS LEYES DE INHUMACION","VIOLACION A LAS LEYES DE INHUMACION",1,2,2025-05-19,20:45:00,7,1,7.10,TLAXCALA,29,HUAMANTLA,13,HUAMANTLA,1,,,90500,19.30924,-97.92186,"CALLE NEGRETE NÚMERO 213 FRENTE A LA ENTRADA DE IGNACIO ZARAGOZA DEL MUNICIPIO DE HUAMANTLA TLAXCALA"
1044,4,"ROBO COMERCIO","ROBO COMERCIO",1,2,2025-05-17,07:30:00,7,1,4.1.11,TLAXCALA,29,HUEYOTLIPAN,14,HUEYOTLIPAN,1,,,90240,"19.47469292620031,",-98.341970605458,"CARRETERA MÉXICO – VERACRUZ, K.M. 106, S/N, SAN IDELFONSO, MUNICIPIO DE HUEYOTLIPAN TLAXCALA."
1045,4,"ROBO VEHICULO","ROBO VEHICULO",1,2,2025-05-19,03:30:00,7,1,4.1.2.1,TLAXCALA,29,TETLA,31,"TETLA DE LA SOLIDARIDAD",1,,,90432,"19.439243335949353, ",-98.095877124214,"TETLA DE LA SOLIDARIDAD"
1046,4,"ROBO COMERCIO","ROBO COMERCIO",1,2,2025-05-19,17:40:00,7,1,4.1.11,TLAXCALA,29,TLAXCALA,33,TLAXCALA,1,CENTRO,,90000,"19.321149494908195, ",-98.234486205287,"BOULEVARD GUILLERMO VALLE SIN NÚMERO, COLONIA CENTRO, TLAXCALA COMO REFERENCIA WALMART PLAZA VÉRTICE"
1047,7,"DESAPARICION COMETIDA POR PARTICULARES","DESAPARICION COMETIDA POR PARTICULARES",1,2,2025-05-14,21:30:00,7,1,7.10,TLAXCALA,29,"SAN LUIS TEOLOCHOLCO ",28,TEOLOCHOLCO,1,,,90850,19.24475,-98.18852,"CALLE JOSE MARIA MORELOS, SEGUNDA SECCIÓN, SAN LUIS TEOLOCHOLCO, TLAXCALA"
1048,2,"SECUESTRO ","SECUESTRO ",1,1,2025-05-19,,7,1,2.1.1,TLAXCALA,29,AMAXAC,1,"AMAXAC DE GUERRERO",1,,,90620,"19.35313939755034, ",-98.164957385477,"AMAXAC DE GUERRERO"
1049,4,"ROBO TRANSEUNTE","ROBO TRANSEUNTE",1,1,2025-05-19,16:30:00,2,1,4.1.5,TLAXCALA,29,CALPULALPAN,6,CALPULALPAN,1,"FRANCISCO SARABIA",,90200,"19.58923672323901, ",-98.580012661105,"CALLE MÉXICO, COLONIA FRANCISCO SARABIA, MUNICIPIO DE CALPULALPAN, TLAXCALA."
1050,4,"ROBO TRANSEUNTE","ROBO TRANSEUNTE",1,1,2025-05-20,16:15:00,1,1,4.1.5,TLAXCALA,29,CALPULALPAN,6,CALPULALPAN,1,MIRADOR,,90200,"19.587425609326644, ",-98.56511652062,"CALLE 01 NORTE, SIN NÚMERO, COLONIA EL MIRADOR, MUNICIPIO DE CALPULALPAN, TLAXCALA."
1051,4,"ROBO COMERCIO","ROBO COMERCIO",1,1,2025-05-19,18:40:00,1,1,4.1.11,TLAXCALA,29,CHIAUTEMPAN,10,CHIAUTEMPAN,1,"LA CONCHA",,90800,"19.312565569325695, ",-98.191329499868,"CALLE FERROCARRIL SUR E ITURBIDE ORIENTE, NÚMERO 73, BARRIO LA CONCHA, CHIAUTEMPAN, TLAXCALA"
1052,4,"ROBO CASA HABITACION","ROBO CASA HABITACION",1,2,2025-05-13,12:00:00,7,1,4.1.1,TLAXCALA,29,HUAMANTLA,13,HUAMANTLA,1,,,90500,"19.3162629669941,",-97.923490763215,"HUAMANTLA, TLAXCALA"
1053,5,"INCUMPLIMIENTO DE LA OBLIGACION ALIMENTARIA","INCUMPLIMIENTO DE LA OBLIGACION ALIMENTARIA",1,2,2025-03-19,,7,1,5.3,TLAXCALA,29,PANOTLA,24,PANOTLA,1,,,90140,"19.31235304127823, ",-98.272757999597,"PANOTLA TLAXCALA"
1054,7,COHECHO,COHECHO,1,2,2025-05-20,11:20:00,7,1,7.10,TLAXCALA,29,TLAXCALA,33,TLAXCALA,1,,,90000,"19.293016208585776, ",-98.249219744706,"CARRETERA TEXOLOC TLAXCALA SIN NÚMERO, COLONIA UNITLAX, TLAXCALA"
1055,4,"ROBO VEHICULO","ROBO VEHICULO",1,2,2025-05-19,,7,1,4.1.2.1,TLAXCALA,29,TLAXCALA,33,TLAXCALA,1,,,90000,"19.314033172864292, ",-98.238897400971,TLAXCALA
1056,4,"ROBO VEHICULO","ROBO VEHICULO",1,1,2025-05-20,23:30:00,1,1,4.1.2.1,TLAXCALA,29,NOPALUCAN,56,NOPALUCAN,1,,,90120,"19.29520260573756, ",-98.328601947618,"CARRETERA SAN MIGUEL DEL MILAGRO, NOPALUCAN, A LA ALTURA DEL NIÑO DEL CERRITO, TLAXCALA,"
1057,4,"ROBO TRANSEUNTE","ROBO TRANSEUNTE",1,1,2025-05-21,03:30:00,1,1,4.1.5,TLAXCALA,29,TETLATLAHUCA,32,"SAN ANDRES CUAMILPA",2,,,90730,"19.263072968729638, ",-98.264060955227,"AUTOPISTA PUEBLA TLAXCALA, A LA ALTURA DE SAN ANDRES CUAMILPA"
1058,4,"ROBO TRANSEUNTE","ROBO TRANSEUNTE",1,1,2025-05-12,13:50:00,1,1,4.1.5,TLAXCALA,29,TLAXCALA,33,TLAXCALA,1,,,90000,"19.314033172864292, ",-98.238897400971,"TLAXCALA, TLAX "
1059,7,NARCOMENUDEO,NARCOMENUDEO,1,2,2025-05-22,15:50:00,7,1,7.1.1,TLAXCALA,29,AMAXAC,1,"AMAXAC DE GUERRERO",1,,,90620,"19.351245258700775,",-98.168902381425,"CALLE MIGUEL HIDALGO, SECCIÓN SEGUNDA DEL MUNICIPIO DE AMAXAC DE GUERRERO"
1060,4,EXTORSION,EXTORSION,1,1,2025-05-21,,1,1,4.4.2,TLAXCALA,29,APETATITLAN,2,APETATITLAN,1,,,90606,19.35213,-98.19092,APETATITLAN
1061,7,NARCOMENUDEO,NARCOMENUDEO,1,2,2025-05-22,15:55:00,7,1,7.1.1,TLAXCALA,29,APETATITLAN,2,APETATITLAN,1,"LA LOMA",,90606,19.35213,-98.19092,"COLONIA LA LOMA, SAN PABLO APETATITLÁN DE ANTONIO CARVAJAL, TLAXCALA"
1062,1,HOMICIDIO,HOMICIDIO,1,1,2025-05-22,,2,1,1.1.1,TLAXCALA,29,CALPULALPAN,6,CALPULALPAN,1,"LOS VOLCANES",,90203,19.57106,-9856898,"CALLE RÍO ATOYAC, NÚMERO 18, FRACCIONAMIENTO RÍOS, COLONIA LOS VOLCANES, CALPULALPAN"
1063,4,"ROBO CASA HABITACION","ROBO CASA HABITACION",1,2,2025-05-21,15:15:00,7,1,4.1.1,TLAXCALA,29,CHIAUTEMPAN,10,"GUADALUPE IXCOTLA",35,,,90810,"19.317652410116825, ",-98.171037667678,"PROLONGACIÓN CUAUHTÉMOC 76, GUADALUPE IXCOTLA, CHIAUTEMPAN, TLAXCALA"
1064,4,"ROBO CASA HABITACION","ROBO CASA HABITACION",1,2,2025-05-17,22:00:00,7,1,4.1.1,TLAXCALA,29,NANACAMILPA,21,"NANACAMILPA ",1,,,90280,"19.491082933968638, ",-98.536408105283,"CALLE MATAMOROS NÚMERO 30, BARRIO FRANCISCO VILLA, NANACAMILPA DE MARIANO ARISTA, TLAXCALA."
1065,4,"ROBO CASA HABITACION ","ROBO CASA HABITACION ",1,2,2025-05-21,16:42:00,7,1,"4.1.1 ",TLAXCALA,29,PANOTLA,24,"JESÚS ACATITLA",4,,,90140,"19.326697418021674, ",-98.301345122735,"CALLE INDEPENDENCIA SUR, NÚMERO 26, COMUNIDAD JESÚS ACATITLA, PANOTLA, TLAXCALA"
1066,4,"ROBO VEHICULO","ROBO VEHICULO",1,1,2025-05-21,22:30:00,1,1,4.1.2.1,TLAXCALA,29,TLAXCALA,33,"SAN ESTEBAN TIZATLAN",11,,,90000,19.3384208,-98.20985,"AVENIDA JUÁREZ, TIZATLÁN TLAXCALA"
1067,4,"ROBO TRANSPORTISTA","ROBO TRANSPORTISTA",1,1,2025-05-21,20:30:00,1,1,4.1.4,TLAXCALA,29,YAUHQUEMEHCAN,43,"SANTA MARÍA ATLIHUETZIAN",6,,,90454,19.37794983,-98.1578529,"CARRETERA FEDERAL MÉXICO- VERACRUZ, KILÓMETRO 3 COMO REFERENCIA EN LAS COORDENADAS 19.37794983986145, SANTA MARÍA ATLIHUETZIA, TLAXCALA -98.15785290585312,"
1068,7,"DESAPARICION COMETIDA POR PARTICULARES","DESAPARICION COMETIDA POR PARTICULARES",1,2,2025-02-16,10:30:00,7,1,7.10,TLAXCALA,29,"TZOMPANTEPEC ",38,"SAN ANDRES AHUAHUASTEPEC",2,,,90490,19.40127,-98.11854,"FRACCIONAMIENTO GIRASOLES, SAN ANDRES AHUASHUATEPEC, TLAXCALA"
1069,4,"ROBO TRANSEUNTE","ROBO TRANSEUNTE",1,1,2025-05-23,15:53:00,1,1,4.1.5,TLAXCALA,29,APIZACO,5,APIZACO,1,,,90337,19.41524,-98.13936,"APIZACO, TLAXCALA"
1070,4,"ROBO TRANSPORTISTA","ROBO TRANSPORTISTA",1,1,2025-05-22,20:00:00,1,1,4.1.4,TLAXCALA,29,APIZACO,5,APIZACO,1,,,90300,"19.349869081808073, ",-97.657303017995,"CARRETERA MEXICO -  VERACRUZ, DE UNA GASOLINERA DE PEMEX  LA ALTURA DE LA COMUNIDAD DE VICENTE GUERRERO, MUNICIPIO DE APIZACO,"
1071,7,"ALLANAMIENTO DE MORADA","ALLANAMIENTO DE MORADA",1,2,2025-05-22,19:40:00,7,1,7.3,TLAXCALA,29,PAPALOTLA,41,PAPALOTLA,1,,,90796,"19.148144646132835, -98.2242269187867",,"CALLE ÁLAMOS, NÚMERO 3, COMUNIDAD DE PANZACOLA MUNICIPIO DE PAPALOTLA DE XICOHTENCATL, TLAXCALA"
1072,4,"ROBO COMERCIO","ROBO COMERCIO",1,1,2025-05-23,07:24:00,1,1,4.1.11,TLAXCALA,29,TLAXCALA,33,"SANTA MARÍA ACUITLAPILCO ",16,,,90000,"19.263098260923847, ",-98.273132347619,"CALLE XICOTÉNCATL 37 SANTA MARÍA ACUITLAPILCO DEL MUNICIPIO DE TLAXCALA"
1073,4,"ROBO VEHICULO","ROBO VEHICULO",1,2,2025-05-23,10:00:00,7,1,4.1.2.1,TLAXCALA,29,ZACATELCO,44,ZACATELCO,1,,,90740,"19.190385859535983, ",-98.2359353453,"CALLE  HIDALGO, NUMERO  SETENTA  Y SEIS, SECCIÓN  TERCERA, BARRIO DE  GUARDIA, ZACATELCO, TLAXCALA"
1074,7,NARCOMENUDEO,NARCOMENUDEO,1,2,2025-05-23,23:50:00,7,1,7.1.1,TLAXCALA,29,APETATITLAN,2,"BELÉN ATZITZIMITITLAN ",2,,,90600,"19.351554641835264, ",-98.18524283034,"CALLE PROGRESO PERTENECIENTE A LA COMUNIDAD DE BELÉN ATZITZIMITITLAN COMO REFERENCIA A LA ALTURA DE LA FUENTE."
1075,4,"ROBO VEHICULO","ROBO VEHICULO",1,2,2025-05-23,20:40:00,7,1,4.1.2.1,TLAXCALA,29,APIZACO,5,APIZACO,1,"LOMA FLORIDA",,90640,"19.398717181875472, ",-98.131557157421,"AVENIDA COLEGIO HEROICO MILITAR, LOMA FLORIDA, APIZACO, TLAXCALA"
1076,4,"ROBO MOTOCICLETA","ROBO MOTOCICLETA",1,2,2025-05-23,19:40:00,7,1,4.1.2.2,TLAXCALA,29,CHIAUTEMPAN,10,CHIAUTEMPAN,1,"SAN ONOFRE",,90800,"19.314365006938345, ",-98.197125818782,"SEGUNDA PRIVADA DE DÍAZ VARELA, NÚMERO VEINTIUNO, COLONIA SAN ONOFRE, EN SANTA ANA CHIAUTEMPAN, TLAXCALA."
1077,4,DAÑOS,DAÑOS,1,2,2025-05-24,03:30:00,7,1,4.5,TLAXCALA,29,TLAXCALA,33,TLAXCALA,1,,,90000,19.318836,-98.244624,"CALLE JARDÍN DE LA CORREGIDORA, COMO REFERENCIA A 50 METROS DE LA SECRETARIA DE BIENESTAR DE TLAXCALA, CON GEORREFERENCIA GEOGRÁFICA 19.318836.-98.244624 DOMICILIO DE DOS PLANTAS DE COLOR AZUL"
1078,4,"ROBO COMERCIO","ROBO COMERCIO",1,2,2025-05-23,07:00:00,7,1,4.1.11,TLAXCALA,29,XALTOCAN,40,"SANTA BARBARA ACUICUZCATEPEC",11,,,90440,"19.446439718026927, ",-98.222926835365,"CARRETERA  FEDERAL MÉXICO-VERACRUZ KM 105 NO 2, SANTA BARBARA ACUICUZCATEPEC, XALTOCAN, TLAXCALA"
1079,4,"ROBO MOTOCICLETA","ROBO MOTOCICLETA",1,2,2025-05-25,14:10:00,7,1,4.1.2.2,TLAXCALA,29,APIZACO,5,APIZACO,1,"LA CIENEGA",,90300,"19.409623238639334,",-98.129676789576,"EN EL INTERIOR DEL ESTACIONAMIENTO DE LA TIENDA COMERCIAL “CHEDRAUI” UBICADO EN CARRETERA APIZACO HUAMANTLA 2407, LA CIÉNEGA, APIZACO, TLAXCALA"
1080,4,"ROBO TRANSPORTISTA","ROBO TRANSPORTISTA",1,1,2025-05-24,14:40:00,1,1,4.1.4,TLAXCALA,29,AXOCOMANITLA,54,AXOCOMANITLA,1,,,90760,"19.22670017707964, ",-98.259700575902,"CALLE GALEANA, CON DIRECCIÓN A VALQUIRICO, ENTRE CALLE INDEPENDENCIA Y FRANCISCO I MADERO, MUNICIPIO DE SAN LORENZO AXOCOMANITLA"
1081,1,HOMICIDIO,HOMICIDIO,1,1,2025-05-25,,1,1,1.1.1,TLAXCALA,29,CHIAUTEMPAN,10,CHIAUTEMPAN,1,"BARRIO TEPETLAPA",,90800,19.305578,-9819376,"CALLE FERROCARRIL SUR, SIN NÚMERO, BARRIO DE TEPETLAPA, RÍO DE LOS NEGROS, MUNICIPIO DE CHIAUTEMPAN"
1082,1,HOMICIDIO,HOMICIDIO,1,1,2025-05-25,,6,1,1.1.1,TLAXCALA,29,"TETLA DE LA SOLIDARIDAD",31,TETLA,1,,,90430,19.457009,-98082760,"CAMINO HACIA EL CERRO DE LA COMUNIDAD OCOTITLA, DEL MUNICIPIO DE TETLA DE LA SOLIDARIDAD, 19.4570091,-980827608"
1083,4,"ROBO VEHICULO","ROBO VEHICULO",1,1,2025-05-25,02:30:00,1,1,4.1.2.1,TLAXCALA,29,TLAXCALA,33,"SAN LUCAS CUAUHTELULPAN",14,,,90110,"19.29022053511064, ",-98.250803289593,"LIBRAMIENTO, TLAXCALA 90110 SAN LUCAS CUAUHTELULPAN, TLAXCALA, CON RUMBO HACIA LA CARRETERA FEDERAL TLAXCALA-PUEBLA"
1084,4,"ROBO MOTOCICLETA","ROBO MOTOCICLETA",1,2,2025-05-25,12:30:00,7,1,4.1.2.2,TLAXCALA,29,TLAXCALA,33,"SAN SEBASTIAN ATLAHAPA",15,,,90000,"19.290752278904435,",-98.229042862958,"GALERIAS TLAXCALA"
1085,7,"ALLANAMIENTO DE MORADA","ALLANAMIENTO DE MORADA",1,2,2025-05-25,,7,1,7.3,TLAXCALA,29,TLAXCO,34,TLAXCO,1,,,90250,"19.617871856766655, ",-98.117811084246,"TLAXCO TLAXCALA"
1086,4,DAÑOS,DAÑOS,1,2,2025-05-25,02:31:00,7,1,4.5,TLAXCALA,29,ZACATELCO,44,ZACATELCO,1,,,90740,19.214752,-98.241647,"CARRETERA FEDERAL 119 TLAXCALA – PUEBLA, ESQUINA CON CALLE CRUZ COLORADA, SECCIÓN SEGUNDA SANTA INÉS ZACATELCO, CON COORDENADAS 19.214752,-98.241647"
1087,4,"ROBO VEHICULO","ROBO VEHICULO",1,2,2025-05-24,21:30:00,7,1,4.1.2.1,TLAXCALA,29,ZACATELCO,44,ZACATELCO,1,,,90740,"19.211462931289866,",-98.250843912899,"DIEZ DE JULIO, NÚMERO 9, SEGUNDA SECCIÓN, ZACATELCO, TLAX"
1088,7,NARCOMENUDEO,NARCOMENUDEO,1,2,2025-05-26,11:32:00,7,1,7.1.1,TLAXCALA,29,CHIAUTEMPAN,10,CHIAUTEMPAN,1,,,90800,"19.30945264124573, ",-98.184442434122,"CALLE MANUEL NAVA , COLONIA REFORMA , CHIAUTEMPAN, TLAXCALA"
1089,4,DAÑOS,DAÑOS,1,2,2025-05-25,23:30:00,7,1,4.5,TLAXCALA,29,CONTLA,18,CONTLA,1,,,90193,"19.33052426992111,",-98.173664018782,"CALLE EMILIANO ZAPATA, SECCIÓN PRIMERA DEL MUNICIPIO CONTLA DE JUAN CUAMATZI, TLAXCALA"
1090,4,"ROBO MOTOCICLETA","ROBO MOTOCICLETA",1,1,2025-05-25,20:30:00,1,1,4.1.2.2,TLAXCALA,29,IXTACUIXTLA,15,"SAN DIEGO XOCOYUCAN",22,,,90120,"19.308258268481246,",-98.374925600276,"CARRETERA SAN MARTIN TEXMELUCAN – TLAXCALA, A LA ALTURA DE SAN DIEGO XOCOYUCAN, MUNICIPIO DE IXTACUIXTLA DE MARIANO MATAMOROS, TLAXCALA"
1091,5,"VIOLENCIA FAMILIAR","VIOLENCIA FAMILIAR",1,1,2024-03-20,,3,1,5.1,TLAXCALA,29,NATIVITAS,23,"SANTO TOMAS LA CONCORDIA ",4,,,90710,"19.22567638811234, ",-98.316539065088,"CALLE LA VÍA NÚMERO TRES INTERIOR DOS, SANTO TOMAS LA CONCORDIA DEL MUNICIPIO DE NATIVITAS, TLAXCALA"
1092,4,"ROBO CASA HABITACION","ROBO CASA HABITACION",1,2,2025-05-26,09:45:00,7,1,4.1.1,TLAXCALA,29,TEPETITLA,19,"TEPETITLA DE LARDIZÁBAL",1,,,90700,"19.265538837222955, ",-98.376874443222,"TEPETITLA DE LARDIZÁBAL"
1093,4,"ROBO CASA HABITACION ","ROBO CASA HABITACION ",1,2,2025-05-26,09:45:00,7,1,"4.1.1 ",TLAXCALA,29,TEPETITLA,19,TEPETITLA,1,,,90700,"19.26117962556104,",-98.373202142945,"PROLONGACION GALEANA, SIN NUMERO, MUNICIPIO DE TEPETITLA DE LARDIZABAL, TLAXCALA, COMO REFERENCIA EN EL DOMICIILIO DE DOS PISOS CON TERMINADO RUSTICO"
1094,3,"ABUSO SEXUAL","ABUSO SEXUAL",1,1,2025-05-26,,3,1,3.1,TLAXCALA,29,TLAXCALA,33,OCOTLAB,8,,,90114,19.315668,-98.22267,"OCOTLAN TLAXCALA"
1095,1,HOMICIDIO,HOMICIDIO,1,1,2025-05-26,,1,1,1.1.1,TLAXCALA,29,TLAXCALA,33,TLAXCALA,1,"LOMA XICOHTEMCATL",,90062,19.31626,-98.24626,"BOULEVAR TEPEHITEC, LOMA XICOHTECATL TLAXCALA"
1096,4,"ROBO MOTOCICLETA","ROBO MOTOCICLETA",1,2,2025-05-26,14:58:00,7,1,4.1.2.2,TLAXCALA,29,TLAXCALA,33,TLAXCALA,1,"LA LOMA XICOHTENCATL",,90070,"19.305669437025063, ",-98.240961021753,"CARR. FEDERAL PUEBLA - TLAXCALA, LA LOMA XICOHTENCATL, 90070 TLAXCALA DE XICOHTÉNCATL, TLAX"
1097,7,"DESAPARICION COMETIDA POR PARTICULARES","DESAPARICION COMETIDA POR PARTICULARES",1,2,2025-05-16,,7,1,7.10,TLAXCALA,29,"TLAXCALA ",33,OCOTLAN,8,,,90880,19.31684,-98.22801,"EN LA PARADA DE OCOTLAN, MUNICIPIO DE TLAXCALA, TLAXCALA"
1098,7,"DESAPARICION COMETIDA POR PARTICULARES","DESAPARICION COMETIDA POR PARTICULARES",1,2,2025-05-08,13:00:00,7,1,7.10,TLAXCALA,29,"ZACATELCO ",44,ZACATELCO,1,,,90740,19.21344,-98.24934,"SECCIÓN SEGUNDA, ZACATELCO, TLAXCALA"
1099,4,"ROBO COMERCIO","ROBO COMERCIO",1,2,2025-05-27,17:30:00,7,1,4.1.11,TLAXCALA,29,APIZACO,5,"SANTA ANITA HUILOAC",9,,,90300,"19.39370082795931,",-98.150893303105,"AL INTERIOR DE LA TIENDA DE CONVENIENCIA CON RAZÓN SOCIAL “OXXO SANTA ANITA”, UBICADO EN BOULEVARD LA LIBERTAD, COMUNIDAD DE SANTA ANITA HUILOAC, MUNICIPIO DE APIZACO TLAXCALA"
1100,4,"ROBO TRANSEUNTE","ROBO TRANSEUNTE",1,1,2025-05-22,19:30:00,1,1,4.1.5,TLAXCALA,29,APIZACO,5,APIZACO,1,,,90337,19.41524,-98.13936,"APIZACO, TLAXCALA,"
1101,4,"ROBO CASA HABITACION","ROBO CASA HABITACION",1,2,2025-05-11,16:00:00,7,1,4.1.1,TLAXCALA,29,CALPULALPAN,6,CALPULALPAN,1,"SAN RAFAEL",,90202,"19.594916809332254,",-98.563063872879,"BUENA VISTA COLONIA SAN RAFAEL, MUNICIPIO CALPULALPAN, TLAXCALA"
1102,1,"LESIONES ","LESIONES ",2,2,2025-05-27,11:30:00,7,1,"1.2.2 ",TLAXCALA,29,ESPAÑITA,12,"SAN FRANCISCO METEPEC ",15,,,90290,"19.43846481703377, ",-98.44389597874,"CALLE NICOLÁS BRAVO ESQUINA XICOHTENCATL SAN FRANCISCO METEPEC ESPAÑITA TLAXCALA"
1103,4,"ROBO CASA HABITACION","ROBO CASA HABITACION",1,1,2025-05-26,19:15:00,1,1,4.1.1,TLAXCALA,29,IXTACUIXTLA,15,"LA TRINIDAD TENEXYECAC",38,,,90121,"19.332002060639688,",-98.317109822196,"CALLE BENITO JUÁREZ NÚMERO 328, LA TRINIDAD TENEXYECAC, IXTACUIXTLA, TLAXCALA"
1104,4,"ROBO VEHICULO","ROBO VEHICULO",1,1,2025-05-26,17:30:00,1,1,4.1.2.1,TLAXCALA,29,NOPALUCAN,56,"SANTA ANA NOPALUCAN",1,,,90120,19.300276,-98.3658235,"CALLE INDEPENDENCIA FRENTE AL DOMICILO MARCADO CON NUMERO 9 SANTA ANA NOPALUCAN, TLAXCALA CON COORDENADAS 19.300276,-98.3658235"
1105,4,DAÑOS,DAÑOS,1,2,2025-05-26,20:00:00,7,1,4.5,TLAXCALA,29,PAPALOTLA,41,PAPALOTLA,1,,,90796,"19.15151851291734,",-98.214050720631,"CALLE INDUSTRIAS ORIENTE, COMUNIDAD DE PANZACOLA, MUNICIPIO DE PAPALOTLA DE XICOHTENCATL"
1106,4,"ROBO CASA HABITACION ","ROBO CASA HABITACION ",1,2,2025-05-26,15:00:00,7,1,"4.1.1 ",TLAXCALA,29,PAPALOTLA,41,PAPALOTLA,1,,,90796,"19.173058342580507, ",-98.213126109623,"CALLE CUAUHTÉMOC NÚMERO 4, BARRIO POTRERO DEL MUNICIPIO DE PAPALOTLA, TLAXCALA"
1107,4,"ROBO CASA HABITACION","ROBO CASA HABITACION",1,2,2025-05-26,15:00:00,7,1,4.1.1,TLAXCALA,29,"SAN PABLO DEL MONTE",25,"SAN ISIDRO BUENSUCESO",2,,,90970,"19.16238716927574, ",-98.107088707445,"CALLE RAMOS NUMERO 1 Y 2, SAN ISIDRO BUENSUCESO, SAN PABLO DEL MONTE, TLAXCALA."
1108,4,"ROBO TRANSPORTISTA","ROBO TRANSPORTISTA",1,1,2025-05-27,11:30:00,1,1,4.1.4,TLAXCALA,29,"SAN PABLO DEL MONTE",25,"SAN PABLO DEL MONTE",1,,,90970,"19.12534286109247,",-98.182015777213,"CARRETERA VÍA CORTA PUEBLA - CHIAUTEMPAN, A LA ALTURA DEL MUNICIPIO DE SAN PABLO DEL MONTE, TLAXCALA"
1109,5,"VIOLENCIA FAMILIAR","VIOLENCIA FAMILIAR",1,1,2024-11-16,18:00:00,3,1,5.1,TLAXCALA,29,"SAN PABLO DEL MONTE",25,"SAN ISIDRO BUENSUCESO",2,,,90970,"19.14831991071341, ",-98.110053147622,"CALLE DEL RANCHO, SIN NÚMERO, SAN ISIDRO  BUENSUCESO,  EN SAN PABLO DEL MONTE,  TLAXCALA"
1110,4,"ROBO VEHICULO","ROBO VEHICULO",1,1,2025-05-27,07:45:00,1,1,4.1.2.1,TLAXCALA,29,TETLANOHCAN,50,TETLANOHCAN,1,,,90843,"19.265003858920924,",-98.158385547619,"CALLE SIN NOMBRE, BARRIO DE AQUIAHUAC DEL MUNICIPIO DE SAN FRANCISCO TETLANOHCAN, TLAXCALA"
1111,7,"PORTACION DE OBJETO APTO PARA AGREDIR","PORTACION DE OBJETO APTO PARA AGREDIR",1,2,2025-05-27,11:05:00,7,1,7.10,TLAXCALA,29,XICOHTZINCO,42,XICOHTZINCO,1,,,90780,"19.134713278931837, ",-98.276357576457,"CALLE CAMINO NACIONAL, COLONIA EL CARMEN, SANTO TORIBIO XICOHTZINCO, TLAXCALA COMO REFERENCIA ATRÁS DE LA FÁBRICA DE TELAS CON RAZÓN SOCIAL TELAFIL"
1112,7,"DESAPARICION COMETIDA POR PARTICULARES","DESAPARICION COMETIDA POR PARTICULARES",1,2,2025-04-27,13:00:00,7,1,7.10,TLAXCALA,29,"SAN JUAN HUACTZINCO ",53,HUACTZINCO,1,,,90195,19.23669,-98.25115,"CALLE 24 DE FEBRERO EN SAN JUAN HUACTZINCO TLAXCALA"
1113,4,"ROBO GANADO","ROBO GANADO",1,2,2025-05-28,09:00:00,7,1,4.1.12,TLAXCALA,29,HUAMANTLA,13,HUAMANTLA,1,,,90500,"19.316414988980807, ",-97.92395682256,"HUAMANTLA, TLAXCALA."
1114,4,"ROBO VEHICULO","ROBO VEHICULO",1,2,2025-05-27,20:30:00,7,1,4.1.2.1,TLAXCALA,29,TEOLOCHOLCO,28,TEOLOCHOLCO,1,,,90850,"19.235425465999302,",-98.181630976881,"C. 5 DE MAYO 15 SECCIÓN SEXTA 90850 TEOLOCHOLCO, TLAXCALA."
1115,4,"ROBO MOTOCICLETA","ROBO MOTOCICLETA",1,2,2025-05-28,06:30:00,7,1,4.1.2.2,TLAXCALA,29,TLAXCALA,33,TLAXCO,1,"EL SABINAL",,90000,"19.63779785081324, ",-98.114447175514,"CALLE HERMANOS SÁNCHEZ SIN NÚMERO, COLONIA EL SABINAL, TLAXCO, TLAXCALA"
1116,4,"ROBO VEHICULO","ROBO VEHICULO",1,2,2025-05-29,19:45:00,7,1,4.1.2.1,TLAXCALA,29,APIZACO,5,APIZACO,1,,,90337,19.41524,-98.13936,"APIZACO, TLAXCALA"
1117,4,"ROBO CASA HABITACION","ROBO CASA HABITACION",1,2,2025-05-29,10:00:00,7,1,4.1.1,TLAXCALA,29,HUAMANTLA,13,HUAMANTLA,1,,,90500,"19.306773153251843,",-97.94244628546,"CALLE 2 DE FEBRERO NÚMERO 103-A, BARRIO SANTA MARÍA YANCUITLALPAN MUNICIPIO DE HUAMANTLA, TLAXCALA"
1118,5,"VIOLENCIA FAMILIAR","VIOLENCIA FAMILIAR",1,1,2024-10-24,23:30:00,3,1,5.1,TLAXCALA,29,IXTACUIXTLA,15,IXTACUIXTLA,1,,,90120,"19.325736969100753, ",-98.368945183331,"CALLE JAIME NUNO NÚMERO 53 COLONIA CENTRO IXTACUIXTLA DE MARIANO MATAMOROS"
1119,3,VIOLACION,VIOLACION,1,1,2025-05-29,,3,1,3.8.1,TLAXCALA,29,TLAXCALA,33,TLAXCALA,1,,,90000,19.31865,-98.23624,TLAXCALA
1120,3,"ABUSO SEXUAL ","ABUSO SEXUAL ",1,1,2025-05-29,,3,1,3.1,TLAXCALA,29,XALOZTOC,39,XALOSTOC,1,,,90460,"19.408062976587264, -98.05088692576831",-98.050886925768,XALOSTOC
1121,3,"ABUSO SEXUAL","ABUSO SEXUAL",1,1,2025-05-30,,3,1,3.1,TLAXCALA,29,CHIAUTEMPAN,10,CHIAUTEMPAN,1,,,90800,"19.312094609035324, ",-98.193122023586,"CHIAUTEMPAN TLAXCALA"
1122,4,"ROBO MOTOCICLETA","ROBO MOTOCICLETA",1,2,2025-05-30,15:00:00,7,1,4.1.2.2,TLAXCALA,29,CONTLA,18,CONTLA,1,,,90193,"19.32694454836243, ",-98.157857105287,"AVENIDA  DEL MUNICIPIO DE CONTLA DE JUAN CUAMATZI, TLAXCALA"
1123,4,"ROBO VEHICULO","ROBO VEHICULO",1,2,2025-05-30,02:30:00,7,1,4.1.2.1,TLAXCALA,29,TETLA,31,"SAN FRANCISCO ATEXCALTZINGO",11,,,90432,"19.47208450973967, -98.14695093411811",,"AVENIDA EMILIANO ZAPATA, NÚMERO 20, COMUNIDAD DE SAN FRANCISCO ATEXCALTZINGO, MUNICIPIO DE TETLA, TLAXCALA,."
1124,4,"ROBO VEHICULO","ROBO VEHICULO",1,2,2025-05-29,16:00:00,7,1,4.1.2.1,TLAXCALA,29,YAUHQUEMEHCAN,43,YAUHQUEMEHCAN,1,,,90454,"19.41270579118777, ",-98.148115481553,"EMILIO CARRANZA, COLONIA SAN BENITO YAUHQUEMECAN, APIZACO, TLAXCALA"
1125,7,COHECHO,COHECHO,1,2,2025-05-31,08:20:00,7,1,7.10,TLAXCALA,29,AXOCOMANITLA,54,AXOCOMANITLA,1,,,90760,"19.22605694849227, ",-98.248240239377,"SAN LORENZO AXOCOMANITLA"
1126,1,LESIONES,LESIONES,2,2,2025-05-31,,7,1,1.2.2,TLAXCALA,29,CALPULALPAN,6,CALPULALPAN,1,,,90200,"19.588662630503393, ",-98.568272010713,CALPULALPAN
1127,7,COHECHO,COHECHO,1,2,2025-05-31,,7,1,7.10,TLAXCALA,29,HUAMANTLA,13,HUAMANTLA,1,,,90500,"19.316396849013838, ",-97.922902550416,HUAMANTLA
1128,4,"ROBO VEHICULO","ROBO VEHICULO",1,2,2025-05-31,06:30:00,7,1,4.1.2.1,TLAXCALA,29,TEPETITLA,19,"SAN MATEO AYECAC",7,,,90700,"19.277576118349348, -98.3922459341232",-98.392245934123,"CALLE HIDALGO NÚMERO DIEZ, EN SAN MATEO AYECAC; MUNICIPIO DE TEPETITLA DE LARDIZÁBAL; TLAXCALA;"
1129,4,"ROBO VEHICULO","ROBO VEHICULO",1,2,2025-05-31,02:40:00,7,1,4.1.2.1,TLAXCALA,29,TEPETITLA,19,"TEPETITLA ",1,,,90700,"19.26537678887959,",-98.377732750018,"TEPETITLA DE LARDIZABAL, TLAXCALA"
1130,7,"PORTACION DE OBJETOI APTO PARA GERDIR","PORTACION DE OBJETOI APTO PARA GERDIR",1,2,2025-05-31,,7,1,7.10,TLAXCALA,29,TETLA,31,"TETLA DE LA SOLIDARIDAD",1,,,90432,"19.440435425833083,",-98.097137714526,"TETLA DE LA SOLIDADRIDAD"
1131,7,NARCOMENUDEO,NARCOMENUDEO,1,2,2025-05-31,05:00:00,7,1,7.1.1,TLAXCALA,29,TEXOLOC,49,TEXOLOC,1,,,90736,"19.274719135851, -98.28455667771901",-98.284556677719,"LAZARO CARDENAS ESQ ALLENDE TEXOLOC TLAXCALA"
1132,4,"ROBO VEHICULO","ROBO VEHICULO",1,2,2025-05-30,,7,1,4.1.2.1,TLAXCALA,29,TLAXCALA,33,TLAXCALA,1,,,90000,19.31865,-98.23624,TLAXCALA
1133,4,"ROBO MOTOCICLETA","ROBO MOTOCICLETA",1,2,2025-05-30,18:30:00,7,1,4.1.2.2,TLAXCALA,29,TLAXCALA,33,TLAXCALA,1,,,90006,"19.30312516777763, ",-98.242613329044,"CALLE UNIVERSIDAD, NÚMERO 13, LA LOMA XICOHTENCATL, XICOHTÉNCATL, 90062 TLAXCALA DE XICOHTÉNCATL, ESTADO DE TLAXCALA"