ID_CI,ID_DELITO,DTO,MODA_DTO,FORMA_ACC,FHA_DE_HCHOS,HRA_DE_HCHOS,EMTO_COM_DTO,GRDO_CONS,CLASF_DE_DTO,NOM_ENT_HCHOS,ID_ENT_HCHOS,NOM_MUN_HCHOS,ID_MUN_HCHOS,NOM_LOC_HCHOS,ID_LOC_HCHOS,NOM_COL_HCHOS,ID_COL_HCHOS,CP,COORD_X,COORD_Y,DOM_HCHOS
36065,35638,"VIOLENCIA FAMILIAR","VIOLENCIA FAMILIAR",3,2025-06-02,12:53:03,7,3,5.01,CAMPECHE,4,CALKINI,1,CALKINI,14593,"<SIN INFORMACION...>",17253,,,,"<SIN INFORMACION...> , COLONIA <SIN INFORMACION...>, CALKINI, CALKINI, CAMPECHE"
36068,35641,"DELITOS QUE ATENTAN CONTRA EL CUMPLIMIENTO DE LA OBLIGACION ALIMENTARIA","DELITOS QUE ATENTAN CONTRA EL CUMPLIMIENTO DE LA OBLIGACION ALIMENTARIA",3,2025-06-02,09:00:00,7,3,5.03,CAMPECHE,4,CALKINI,1,CALKINI,14593,"<SIN INFORMACION...>",17253,,,,"<SIN INFORMACION...> , COLONIA <SIN INFORMACION...>, CALKINI, CALKINI, CAMPECHE"
36075,35648,"PRIVACION ILEGAL DE LA LIBERTAD","PRIVACION ILEGAL DE LA LIBERTAD",3,2025-06-05,20:10:44,7,3,2.05,CAMPECHE,4,CALKINI,1,CALKINI,14593,"<SIN INFORMACION...>",17253,,,,"<SIN INFORMACION...> , COLONIA <SIN INFORMACION...>, CALKINI, CALKINI, CAMPECHE"
36077,35650,"LESIONES DOLOSAS","LESIONES DOLOSAS",3,2025-06-06,09:00:00,7,3,1.02.01,CAMPECHE,4,CALKINI,1,CALKINI,14593,"<SIN INFORMACION...>",17253,,,,"<SIN INFORMACION...> , COLONIA <SIN INFORMACION...>, CALKINI, CALKINI, CAMPECHE"
36082,35655,"VIOLENCIA FAMILIAR","VIOLENCIA FAMILIAR",3,2025-06-09,01:04:00,7,3,5.01,CAMPECHE,4,CALKINI,1,CALKINI,14593,"<SIN INFORMACION...>",17253,,,,"<SIN INFORMACION...> , COLONIA <SIN INFORMACION...>, CALKINI, CALKINI, CAMPECHE"
36083,35656,"VIOLENCIA FAMILIAR","VIOLENCIA FAMILIAR",3,2025-06-09,18:57:44,7,3,5.01,CAMPECHE,4,CALKINI,1,CALKINI,14593,"<SIN INFORMACION...>",17253,,,,"<SIN INFORMACION...> , COLONIA <SIN INFORMACION...>, CALKINI, CALKINI, CAMPECHE"
36084,35657,"DESAPARICION COMETIDA POR PARTCIULARES","DESAPARICION COMETIDA POR PARTCIULARES",3,2025-06-09,19:56:34,7,3,2.07.04,CAMPECHE,4,CALKINI,1,CALKINI,14593,"<SIN INFORMACION...>",17253,,,,"<SIN INFORMACION...> , COLONIA <SIN INFORMACION...>, CALKINI, CALKINI, CAMPECHE"
36092,35664,"LESIONES CALIFICADAS; AMENAZAS","LESIONES CALIFICADAS",3,2025-06-10,21:07:00,7,3,1.02.01,CAMPECHE,4,CALKINI,1,CALKINI,14593,"<SIN INFORMACION...>",17253,,,,"<SIN INFORMACION...> , COLONIA <SIN INFORMACION...>, CALKINI, CALKINI, CAMPECHE"
36092,35665,"LESIONES CALIFICADAS; AMENAZAS",AMENAZAS,3,2025-06-10,21:07:00,7,3,7.02,CAMPECHE,4,CALKINI,1,CALKINI,14593,"<SIN INFORMACION...>",17253,,,,"<SIN INFORMACION...> , COLONIA <SIN INFORMACION...>, CALKINI, CALKINI, CAMPECHE"
36093,35666,"ROBO CON VIOLENCIA","ROBO CON VIOLENCIA",3,2025-06-10,23:23:00,7,3,4.01.05,CAMPECHE,4,CALKINI,1,CALKINI,14593,"<SIN INFORMACION...>",17253,,,,"<SIN INFORMACION...> , COLONIA <SIN INFORMACION...>, CALKINI, CALKINI, CAMPECHE"
36097,35670,"FRAUDE GENERICO","FRAUDE GENERICO",3,2025-06-11,14:06:00,7,3,4.02,CAMPECHE,4,CALKINI,1,CALKINI,14593,"<SIN INFORMACION...>",17253,,,,"<SIN INFORMACION...> , COLONIA <SIN INFORMACION...>, CALKINI, CALKINI, CAMPECHE"
36099,35671,"LESIONES A TITULO CULPOSO","LESIONES A TITULO CULPOSO",3,2025-06-11,21:15:35,7,3,1.02.02,CAMPECHE,4,CALKINI,1,CALKINI,14593,"<SIN INFORMACION...>",17253,,,,"<SIN INFORMACION...> , COLONIA <SIN INFORMACION...>, CALKINI, CALKINI, CAMPECHE"
36103,35675,"ROBO A COMERCIO","ROBO A COMERCIO",3,2025-06-13,09:56:00,7,3,4.01.11,CAMPECHE,4,CALKINI,1,CALKINI,14593,"<SIN INFORMACION...>",17253,,,,"<SIN INFORMACION...> , COLONIA <SIN INFORMACION...>, CALKINI, CALKINI, CAMPECHE"
36106,35678,NARCOMENUDEO,NARCOMENUDEO,3,2025-06-14,00:47:00,7,3,7.01.01,CAMPECHE,4,CALKINI,1,CALKINI,14593,"<SIN INFORMACION...>",17253,,,,"<SIN INFORMACION...> , COLONIA <SIN INFORMACION...>, CALKINI, CALKINI, CAMPECHE"
36110,35682,"VIOLENCIA FAMILIAR","VIOLENCIA FAMILIAR",3,2025-06-16,09:00:00,7,3,5.01,CAMPECHE,4,CALKINI,1,CALKINI,14593,"<SIN INFORMACION...>",17253,,,,"<SIN INFORMACION...> , COLONIA <SIN INFORMACION...>, CALKINI, CALKINI, CAMPECHE"
36114,35687,"LESIONES CALIFICADAS","LESIONES CALIFICADAS",3,2025-06-16,12:45:37,7,3,1.02.01,CAMPECHE,4,CALKINI,1,CALKINI,14593,"<SIN INFORMACION...>",17253,,,,"<SIN INFORMACION...> , COLONIA <SIN INFORMACION...>, CALKINI, CALKINI, CAMPECHE"
36115,35688,"SUSTRACCION DE MENORES O INCAPACES; ALLANAMIENTO DE MORADA","SUSTRACCION DE MENORES O INCAPACES",3,2025-06-16,09:00:00,7,3,2.06,CAMPECHE,4,CALKINI,1,CALKINI,14593,"<SIN INFORMACION...>",17253,,,,"<SIN INFORMACION...> , COLONIA <SIN INFORMACION...>, CALKINI, CALKINI, CAMPECHE"
36115,35689,"SUSTRACCION DE MENORES O INCAPACES; ALLANAMIENTO DE MORADA","ALLANAMIENTO DE MORADA",3,2025-06-16,09:00:00,7,3,7.03,CAMPECHE,4,CALKINI,1,CALKINI,14593,"<SIN INFORMACION...>",17253,,,,"<SIN INFORMACION...> , COLONIA <SIN INFORMACION...>, CALKINI, CALKINI, CAMPECHE"
36116,35690,"LESIONES CALIFICADAS","LESIONES CALIFICADAS",3,2025-06-16,13:49:10,7,3,1.02.01,CAMPECHE,4,CALKINI,1,CALKINI,14593,"<SIN INFORMACION...>",17253,,,,"<SIN INFORMACION...> , COLONIA <SIN INFORMACION...>, CALKINI, CALKINI, CAMPECHE"
36117,35691,"LESIONES CALIFICADAS","LESIONES CALIFICADAS",3,2025-06-16,09:00:00,7,3,1.02.01,CAMPECHE,4,CALKINI,1,CALKINI,14593,"<SIN INFORMACION...>",17253,,,,"<SIN INFORMACION...> , COLONIA <SIN INFORMACION...>, CALKINI, CALKINI, CAMPECHE"
36122,35696,"ALLANAMIENTO DE MORADA; AMENAZAS","ALLANAMIENTO DE MORADA",3,2025-06-17,09:00:00,7,3,7.03,CAMPECHE,4,CALKINI,1,CALKINI,14593,"<SIN INFORMACION...>",17253,,,,"<SIN INFORMACION...> , COLONIA <SIN INFORMACION...>, CALKINI, CALKINI, CAMPECHE"
36122,35697,"ALLANAMIENTO DE MORADA; AMENAZAS",AMENAZAS,3,2025-06-17,09:00:00,7,3,7.02,CAMPECHE,4,CALKINI,1,CALKINI,14593,"<SIN INFORMACION...>",17253,,,,"<SIN INFORMACION...> , COLONIA <SIN INFORMACION...>, CALKINI, CALKINI, CAMPECHE"
36124,35699,"ABIGEATO AGRAVADO","ABIGEATO AGRAVADO",3,2025-06-17,18:53:21,7,3,4.01.12,CAMPECHE,4,CALKINI,1,CALKINI,14593,"<SIN INFORMACION...>",17253,,,,"<SIN INFORMACION...> , COLONIA <SIN INFORMACION...>, CALKINI, CALKINI, CAMPECHE"
36129,35703,"LESIONES DOLOSAS","LESIONES DOLOSAS",3,2025-06-19,10:30:50,7,3,1.02.01,CAMPECHE,4,CALKINI,1,CALKINI,14593,"<SIN INFORMACION...>",17253,,,,"<SIN INFORMACION...> , COLONIA <SIN INFORMACION...>, CALKINI, CALKINI, CAMPECHE"
36131,35705,DESPOJO,DESPOJO,3,2025-06-19,09:00:00,7,3,4.06,CAMPECHE,4,CALKINI,1,CALKINI,14593,"<SIN INFORMACION...>",17253,,,,"<SIN INFORMACION...> , COLONIA <SIN INFORMACION...>, CALKINI, CALKINI, CAMPECHE"
37137,36711,"LESIONES CALIFICADAS","LESIONES CALIFICADAS",3,2025-06-23,08:08:09,7,3,1.02.01,CAMPECHE,4,CALKINI,1,CALKINI,14593,"<SIN INFORMACION...>",17253,,,,"<SIN INFORMACION...> , COLONIA <SIN INFORMACION...>, CALKINI, CALKINI, CAMPECHE"
37140,36714,"VIOLENCIA FAMILIAR","VIOLENCIA FAMILIAR",3,2025-06-25,09:43:37,7,3,5.01,CAMPECHE,4,CALKINI,1,CALKINI,14593,"<SIN INFORMACION...>",17253,,,,"<SIN INFORMACION...> , COLONIA <SIN INFORMACION...>, CALKINI, CALKINI, CAMPECHE"
37145,36720,"NARCOMENUDEO ",NARCOMENUDEO,3,2025-06-25,06:10:00,7,3,7.01.01,CAMPECHE,4,CALKINI,1,CALKINI,14593,"<SIN INFORMACION...>",17253,,,,"<SIN INFORMACION...> , COLONIA <SIN INFORMACION...>, CALKINI, CALKINI, CAMPECHE"
37147,36722,"VIOLENCIA FAMILIAR","VIOLENCIA FAMILIAR",3,2025-06-26,18:36:01,7,3,5.01,CAMPECHE,4,CALKINI,1,CALKINI,14593,"<SIN INFORMACION...>",17253,,,,"<SIN INFORMACION...> , COLONIA <SIN INFORMACION...>, CALKINI, CALKINI, CAMPECHE"
37155,36730,"SUSTRACCION DE MENORES O INCAPACES","SUSTRACCION DE MENORES O INCAPACES",3,2025-06-30,00:41:29,7,3,2.06,CAMPECHE,4,CALKINI,1,CALKINI,14593,"<SIN INFORMACION...>",17253,,,,"<SIN INFORMACION...> , COLONIA <SIN INFORMACION...>, CALKINI, CALKINI, CAMPECHE"
37157,36732,ROBO,ROBO,3,2025-06-30,18:32:54,7,3,4.01.14,CAMPECHE,4,CALKINI,1,CALKINI,14593,"<SIN INFORMACION...>",17253,,,,"<SIN INFORMACION...> , COLONIA <SIN INFORMACION...>, CALKINI, CALKINI, CAMPECHE"
435201,322229,"ROBO A COMERCIO","ROBO A COMERCIO",3,2025-06-01,01:00:00,7,3,4.01.11,CAMPECHE,4,CAMPECHE,2,"SAN FRANCISCO DE CAMPECHE",14771,"AMPLIACION KALA",3,,,,"MAYAPAN , COLONIA AMPLIACION KALA, SAN FRANCISCO DE CAMPECHE, CAMPECHE, CAMPECHE"
435205,322233,"LESIONES CALIFICADAS","LESIONES CALIFICADAS",3,2025-06-01,14:11:00,7,3,1.02.01,CAMPECHE,4,CAMPECHE,2,"SAN FRANCISCO DE CAMPECHE",14771,"<SIN INFORMACION...>",17432,,,,"CALLE SEPTIMA DECIMA SEPTIMA POR CALLE DECIMA SEPTIMA COLONIA SIGLO XXI A UNA CUADRA DEL PARQUE, SAN FRANCISCO DE CAMPECHE, CAMPECHE, CAMPECHE"
435207,322235,"NARCOMENUDEO SIMPLE","NARCOMENUDEO SIMPLE",3,2025-06-01,03:58:00,7,3,7.01.01,CAMPECHE,4,CAMPECHE,2,"SAN FRANCISCO DE CAMPECHE",14771,"DIANA LAURA RIOJAS DE COLOSIO",597,,,,"C S/N , COLONIA DIANA LAURA RIOJAS DE COLOSIO, SAN FRANCISCO DE CAMPECHE, CAMPECHE, CAMPECHE"
435208,322236,"ULTRAJES A LA AUTORIDAD","ULTRAJES A LA AUTORIDAD",3,2025-06-01,15:17:21,7,3,7.10,CAMPECHE,4,CAMPECHE,2,"SAN FRANCISCO DE CAMPECHE",14771,"<SIN INFORMACION...>",17432,,,,"<SIN INFORMACION...> , COLONIA <SIN INFORMACION...>, SAN FRANCISCO DE CAMPECHE, CAMPECHE, CAMPECHE"
435209,322237,"LESIONES A TITULO CULPOSO; DAÑOS EN PROPIEDAD AJENA A TITULO CULPOSO O IMPRUDENCIAL","LESIONES A TITULO CULPOSO",3,2025-06-01,05:00:00,7,3,1.02.02,CAMPECHE,4,CAMPECHE,2,"SAN FRANCISCO DE CAMPECHE",14771,"AMPLIACION KALA",3,,,,"HECELCHAKAN , COLONIA AMPLIACION KALA, SAN FRANCISCO DE CAMPECHE, CAMPECHE, CAMPECHE"
435209,322238,"LESIONES A TITULO CULPOSO; DAÑOS EN PROPIEDAD AJENA A TITULO CULPOSO O IMPRUDENCIAL","DAÑOS EN PROPIEDAD AJENA A TITULO CULPOSO O IMPRUDENCIAL",3,2025-06-01,05:00:00,7,3,4.05,CAMPECHE,4,CAMPECHE,2,"SAN FRANCISCO DE CAMPECHE",14771,"AMPLIACION KALA",3,,,,"HECELCHAKAN , COLONIA AMPLIACION KALA, SAN FRANCISCO DE CAMPECHE, CAMPECHE, CAMPECHE"
435210,322239,"LESIONES A TITULO CULPOSO; DAÑOS EN PROPIEDAD AJENA A TITULO CULPOSO O IMPRUDENCIAL","LESIONES A TITULO CULPOSO",3,2025-06-01,22:15:00,7,3,1.02.02,CAMPECHE,4,CAMPECHE,2,"SAN FRANCISCO DE CAMPECHE",14771,"FRACCIORAMA 2000",39,,,,"<SIN INFORMACION...> , COLONIA FRACCIORAMA 2000, SAN FRANCISCO DE CAMPECHE, CAMPECHE, CAMPECHE"
435210,322240,"LESIONES A TITULO CULPOSO; DAÑOS EN PROPIEDAD AJENA A TITULO CULPOSO O IMPRUDENCIAL","DAÑOS EN PROPIEDAD AJENA A TITULO CULPOSO O IMPRUDENCIAL",3,2025-06-01,22:15:00,7,3,4.05,CAMPECHE,4,CAMPECHE,2,"SAN FRANCISCO DE CAMPECHE",14771,"FRACCIORAMA 2000",39,,,,"<SIN INFORMACION...> , COLONIA FRACCIORAMA 2000, SAN FRANCISCO DE CAMPECHE, CAMPECHE, CAMPECHE"
435211,322241,"NARCOMENUDEO SIMPLE","NARCOMENUDEO SIMPLE",3,2025-06-02,22:00:00,7,3,7.01.01,CAMPECHE,4,CAMPECHE,2,"SAN FRANCISCO DE CAMPECHE",14771,CENTRO,22,,,,"AV GOBERNADORES , COLONIA CENTRO, SAN FRANCISCO DE CAMPECHE, CAMPECHE, CAMPECHE"
435250,322280,"LESIONES A TITULO CULPOSO; DAÑOS EN PROPIEDAD AJENA A TITULO CULPOSO O IMPRUDENCIAL","LESIONES A TITULO CULPOSO",3,2025-06-02,00:40:00,7,3,1.02.02,CAMPECHE,4,CAMPECHE,2,"SAN FRANCISCO DE CAMPECHE",14771,"PRESIDENTES DE MEXICO",321,,,,"AV LIC BENITO JUAREZ , COLONIA PRESIDENTES DE MEXICO, SAN FRANCISCO DE CAMPECHE, CAMPECHE, CAMPECHE"
435250,322281,"LESIONES A TITULO CULPOSO; DAÑOS EN PROPIEDAD AJENA A TITULO CULPOSO O IMPRUDENCIAL","DAÑOS EN PROPIEDAD AJENA A TITULO CULPOSO O IMPRUDENCIAL",3,2025-06-02,00:40:00,7,3,4.05,CAMPECHE,4,CAMPECHE,2,"SAN FRANCISCO DE CAMPECHE",14771,"PRESIDENTES DE MEXICO",321,,,,"AV LIC BENITO JUAREZ , COLONIA PRESIDENTES DE MEXICO, SAN FRANCISCO DE CAMPECHE, CAMPECHE, CAMPECHE"
435286,322316,"NARCOMENUDEO SIMPLE","NARCOMENUDEO SIMPLE",3,2025-06-03,11:00:00,7,3,7.01.01,CAMPECHE,4,CAMPECHE,2,"SAN FRANCISCO DE CAMPECHE",14771,"CAMPO MILITAR No 33 A",16,,,,"BUENAVISTA , COLONIA CAMPO MILITAR No 33 A, SAN FRANCISCO DE CAMPECHE, CAMPECHE, CAMPECHE"
435316,322347,"ROBO A CASA HABITACION","ROBO A CASA HABITACION",3,2025-06-03,11:00:00,7,3,4.01.01,CAMPECHE,4,CAMPECHE,2,"SAN FRANCISCO DE CAMPECHE",14771,POLVORIN,105,,,,"GIRASOL No. MANZANA 08 , COLONIA POLVORIN, SAN FRANCISCO DE CAMPECHE, CAMPECHE, CAMPECHE"
435333,322363,"SECUESTRO EXPRES","SECUESTRO EXPRES",3,2025-06-03,03:05:00,7,3,2.01.04,CAMPECHE,4,CAMPECHE,2,"SAN FRANCISCO DE CAMPECHE",14771,"AEROPUERTO ING ALBERTO ACUNA  ONGAY",1,,,,"16 DE SEPTIEMBRE , COLONIA AEROPUERTO ING ALBERTO ACUNA  ONGAY, SAN FRANCISCO DE CAMPECHE, CAMPECHE, CAMPECHE"
435340,322370,"ROBO A COMERCIO","ROBO A COMERCIO",3,2025-06-03,16:45:00,7,3,4.01.11,CAMPECHE,4,CAMPECHE,2,"SAN FRANCISCO DE CAMPECHE",14771,"BARRIO DE SANTA ANA",10,,,,"1RA PRIV DE LA 47 , COLONIA BARRIO DE SANTA ANA, SAN FRANCISCO DE CAMPECHE, CAMPECHE, CAMPECHE"
435345,322375,AMENAZAS,AMENAZAS,3,2025-06-03,11:00:00,7,3,7.02,CAMPECHE,4,CAMPECHE,2,"SAN FRANCISCO DE CAMPECHE",14771,"BARRIO DE SAN ROMAN",9,,,,"ALLENDE , COLONIA BARRIO DE SAN ROMAN, SAN FRANCISCO DE CAMPECHE, CAMPECHE, CAMPECHE"
435353,322382,"HOMICIDIO CALIFICADO","HOMICIDIO CALIFICADO",3,2025-06-04,01:13:00,7,3,1.01.01,CAMPECHE,4,CAMPECHE,2,"SAN FRANCISCO DE CAMPECHE",14771,"<SIN INFORMACION...>",17432,,,,"<SIN INFORMACION...> , COLONIA <SIN INFORMACION...>, SAN FRANCISCO DE CAMPECHE, CAMPECHE, CAMPECHE"
435393,322421,"NARCOMENUDEO CON FINES DE COMERCIO","NARCOMENUDEO CON FINES DE COMERCIO",3,2025-06-04,16:00:59,7,3,7.01.02,CAMPECHE,4,CAMPECHE,2,CHAMPOTON,16831,"<SIN INFORMACION...>",19494,,,,"<SIN INFORMACION...> , COLONIA <SIN INFORMACION...>, CHAMPOTON, CHAMPOTON, CAMPECHE"
435403,322431,"ULTRAJES A LA AUTORIDAD","ULTRAJES A LA AUTORIDAD",3,2025-06-04,21:15:24,7,3,7.10,CAMPECHE,4,CAMPECHE,2,"SAN FRANCISCO DE CAMPECHE",14771,"<SIN INFORMACION...>",17432,,,,"<SIN INFORMACION...> , COLONIA <SIN INFORMACION...>, SAN FRANCISCO DE CAMPECHE, CAMPECHE, CAMPECHE"
435407,322435,"ROBO A CASA HABITACION","ROBO A CASA HABITACION",3,2025-06-05,00:20:00,7,3,4.01.01,CAMPECHE,4,CAMPECHE,2,"SAN FRANCISCO DE CAMPECHE",14771,"<SIN INFORMACION...>",17432,,,,"CALLE AZUFRE POR CALLE PLATA COLONIA MINAS COIMO REFERENCIA EN LA CUARTERIA, SAN FRANCISCO DE CAMPECHE, CAMPECHE, CAMPECHE"
435409,322437,"NARCOMENUDEO SIMPLE","NARCOMENUDEO SIMPLE",3,2025-06-05,11:00:00,7,3,7.01.01,CAMPECHE,4,CAMPECHE,2,"SAN FRANCISCO DE CAMPECHE",14771,SASCALUM,118,,,,"AV JOSE LOPEZ PORTILLO , COLONIA SASCALUM, SAN FRANCISCO DE CAMPECHE, CAMPECHE, CAMPECHE"
435460,322489,"ALLANAMIENTO DE MORADA","ALLANAMIENTO DE MORADA",3,2025-06-06,00:00:00,7,3,7.03,CAMPECHE,4,CAMPECHE,2,"SAN FRANCISCO DE CAMPECHE",14771,"<SIN INFORMACION...>",17432,,,,"<SIN INFORMACION...> , COLONIA <SIN INFORMACION...>, SAN FRANCISCO DE CAMPECHE, CAMPECHE, CAMPECHE"
435467,322496,"LESIONES A TITULO CULPOSO; DAÑOS EN PROPIEDAD AJENA A TITULO CULPOSO O IMPRUDENCIAL","LESIONES A TITULO CULPOSO",3,2025-06-06,09:30:00,7,3,1.02.02,CAMPECHE,4,CAMPECHE,2,"SAN FRANCISCO DE CAMPECHE",14771,"<SIN INFORMACION...>",17432,,,,"<SIN INFORMACION...> , COLONIA <SIN INFORMACION...>, SAN FRANCISCO DE CAMPECHE, CAMPECHE, CAMPECHE"
435467,322497,"LESIONES A TITULO CULPOSO; DAÑOS EN PROPIEDAD AJENA A TITULO CULPOSO O IMPRUDENCIAL","DAÑOS EN PROPIEDAD AJENA A TITULO CULPOSO O IMPRUDENCIAL",3,2025-06-06,09:30:00,7,3,4.05,CAMPECHE,4,CAMPECHE,2,"SAN FRANCISCO DE CAMPECHE",14771,"<SIN INFORMACION...>",17432,,,,"<SIN INFORMACION...> , COLONIA <SIN INFORMACION...>, SAN FRANCISCO DE CAMPECHE, CAMPECHE, CAMPECHE"
435500,322531,"ROBO A COMERCIO","ROBO A COMERCIO",3,2025-06-06,16:00:00,7,3,4.01.11,CAMPECHE,4,CAMPECHE,2,"SAN FRANCISCO DE CAMPECHE",14771,"BARRIO DE SAN FRANCISCO",8,,,,"2DA PRIV RIVA PALACIO , COLONIA BARRIO DE SAN FRANCISCO, SAN FRANCISCO DE CAMPECHE, CAMPECHE, CAMPECHE"
435509,322540,"NARCOMENUDEO SIMPLE","NARCOMENUDEO SIMPLE",3,2025-06-06,20:50:00,7,3,7.01.01,CAMPECHE,4,CAMPECHE,2,"SAN FRANCISCO DE CAMPECHE",14771,"AEROPUERTO ING ALBERTO ACUNA  ONGAY",1,,,,"16 DE SEPTIEMBRE , COLONIA AEROPUERTO ING ALBERTO ACUNA  ONGAY, SAN FRANCISCO DE CAMPECHE, CAMPECHE, CAMPECHE"
435519,322550,"ROBO A COMERCIO","ROBO A COMERCIO",3,2025-06-07,00:00:00,7,3,4.01.11,CAMPECHE,4,CAMPECHE,2,"SAN FRANCISCO DE CAMPECHE",14771,"BARRIO DE SAN FRANCISCO",8,,,,"2DA PRIV RIVA PALACIO , COLONIA BARRIO DE SAN FRANCISCO, SAN FRANCISCO DE CAMPECHE, CAMPECHE, CAMPECHE"
435523,322554,"ROBO DE VEHICULO","ROBO DE VEHICULO",3,2025-06-07,14:00:00,7,3,4.01.02.02,CAMPECHE,4,CAMPECHE,2,"SAN FRANCISCO DE CAMPECHE",14771,<NUEVO...>,17084,,,,"<SIN INFORMACION...> , COLONIA <NUEVO...>, SAN FRANCISCO DE CAMPECHE, CAMPECHE, CAMPECHE"
435524,322555,"ALLANAMIENTO DE MORADA","ALLANAMIENTO DE MORADA",3,2025-06-07,01:00:00,7,3,7.03,CAMPECHE,4,CAMPECHE,2,"SAN FRANCISCO DE CAMPECHE",14771,KILA,6,,,,"AND GUADALUPANA , COLONIA KILA, SAN FRANCISCO DE CAMPECHE, CAMPECHE, CAMPECHE"
435525,322557,"DAÑOS EN PROPIEDAD AJENA A TITULO CULPOSO O IMPRUDENCIAL","DAÑOS EN PROPIEDAD AJENA A TITULO CULPOSO O IMPRUDENCIAL",3,2025-06-07,03:30:00,7,3,4.05,CAMPECHE,4,CAMPECHE,2,"SAN FRANCISCO DE CAMPECHE",14771,"<SIN INFORMACION...>",17432,,,,"<SIN INFORMACION...> , COLONIA <SIN INFORMACION...>, SAN FRANCISCO DE CAMPECHE, CAMPECHE, CAMPECHE"
435536,322568,"OPERACIONES CON RECURSOS DE PROCEDENCIA ILÍCITA","OPERACIONES CON RECURSOS DE PROCEDENCIA ILÍCITA",3,2025-06-08,06:10:00,7,3,4.07,CAMPECHE,4,CAMPECHE,2,"SAN FRANCISCO DE CAMPECHE",14771,"<SIN INFORMACION...>",17432,,,,"CALLE PLAM DE AYALA POR CALLE JIMBL COLONIA FLOR ELIMON, SAN FRANCISCO DE CAMPECHE, CAMPECHE, CAMPECHE"
435542,322575,"ROBO A COMERCIO","ROBO A COMERCIO",3,2025-06-08,19:00:00,7,3,4.01.11,CAMPECHE,4,CAMPECHE,2,"SAN FRANCISCO DE CAMPECHE",14771,"BARRIO DE LA ERMITA",7,,,,"AH KIM PECH , COLONIA BARRIO DE LA ERMITA, SAN FRANCISCO DE CAMPECHE, CAMPECHE, CAMPECHE"
435607,322642,"ROBO A COMERCIO","ROBO A COMERCIO",3,2025-06-09,01:00:00,7,3,4.01.11,CAMPECHE,4,CAMPECHE,2,"SAN FRANCISCO DE CAMPECHE",14771,"BARRIO DE SAN ROMAN",9,,,,"1RA PRIV ABASOLO , COLONIA BARRIO DE SAN ROMAN, SAN FRANCISCO DE CAMPECHE, CAMPECHE, CAMPECHE"
435654,322687,"ROBO A COMERCIO","ROBO A COMERCIO",3,2025-06-10,16:00:00,7,3,4.01.11,CAMPECHE,4,CAMPECHE,2,"SAN FRANCISCO DE CAMPECHE",14771,"<SIN INFORMACION...>",17432,,,,"<SIN INFORMACION...> , COLONIA <SIN INFORMACION...>, SAN FRANCISCO DE CAMPECHE, CAMPECHE, CAMPECHE"
435656,322689,"NARCOMENUDEO SIMPLE","NARCOMENUDEO SIMPLE",3,2025-06-10,01:00:00,7,3,7.01.01,CAMPECHE,4,CAMPECHE,2,"SAN FRANCISCO DE CAMPECHE",14771,SASCALUM,118,,,,"AV JOSE LOPEZ PORTILLO , COLONIA SASCALUM, SAN FRANCISCO DE CAMPECHE, CAMPECHE, CAMPECHE"
435658,322691,"OPERACIONES CON RECURSOS DE PROCEDENCIA ILÍCITA","OPERACIONES CON RECURSOS DE PROCEDENCIA ILÍCITA",3,2025-06-10,11:00:00,7,3,4.07,CAMPECHE,4,CAMPECHE,2,"SAN FRANCISCO DE CAMPECHE",14771,AVIACION,4,,,,"AV AVIACION , COLONIA AVIACION, SAN FRANCISCO DE CAMPECHE, CAMPECHE, CAMPECHE"
435687,322722,"ROBO A COMERCIO","ROBO A COMERCIO",3,2025-06-11,10:30:00,7,3,4.01.11,CAMPECHE,4,CAMPECHE,2,"SAN FRANCISCO DE CAMPECHE",14771,"BARRIO DE LA ERMITA",7,,,,"<SIN INFORMACION...> No. - - , COLONIA BARRIO DE LA ERMITA, SAN FRANCISCO DE CAMPECHE, CAMPECHE, CAMPECHE"
435696,322732,ESTUPRO,ESTUPRO,3,2025-06-11,11:00:00,7,3,3.07,CAMPECHE,4,CAMPECHE,2,"SAN FRANCISCO DE CAMPECHE",14771,AVIACION,4,,,,"SAN FRANCISCO DE CAMPECHE, CAMPECHE, CAMPECHE"
435707,322740,"ROBO CON VIOLENCIA","ROBO CON VIOLENCIA",3,2025-06-11,03:00:00,7,3,4.01.05,CAMPECHE,4,CAMPECHE,2,"SAN FRANCISCO DE CAMPECHE",14771,"<SIN INFORMACION...>",17432,,,,"<SIN INFORMACION...> , COLONIA <SIN INFORMACION...>, SAN FRANCISCO DE CAMPECHE, CAMPECHE, CAMPECHE"
435709,322742,"VIOLACIÓN EQUIPARADA EN CONTRA DE MENORES E INCAPACES","VIOLACIÓN EQUIPARADA EN CONTRA DE MENORES E INCAPACES",3,2025-06-11,01:00:00,7,3,3.08.02,CAMPECHE,4,CAMPECHE,2,"SAN FRANCISCO DE CAMPECHE",14771,TIKIMUL,724,,,,"SAN FRANCISCO DE CAMPECHE, CAMPECHE, CAMPECHE"
435719,322753,"ROBO A CASA HABITACION","ROBO A CASA HABITACION",3,2025-06-11,23:30:00,7,3,4.01.01,CAMPECHE,4,CAMPECHE,2,"SAN FRANCISCO DE CAMPECHE",14771,"<SIN INFORMACION...>",17432,,,,"SAN FRANCISCO DE CAMPECHE, CAMPECHE, CAMPECHE"
435728,322764,AMENAZAS,AMENAZAS,3,2025-06-12,09:11:00,7,3,7.02,CAMPECHE,4,CAMPECHE,2,"SAN FRANCISCO DE CAMPECHE",14771,"UNIDAD HABITACIONAL PALMAS I",141,,,,"AND PALMA ESTRELLA , COLONIA UNIDAD HABITACIONAL PALMAS I, SAN FRANCISCO DE CAMPECHE, CAMPECHE, CAMPECHE"
435733,322770,"DAÑOS EN PROPIEDAD AJENA A TITULO DOLOSO O INTENCIONAL; LESIONES DOLOSAS","DAÑOS EN PROPIEDAD AJENA A TITULO DOLOSO O INTENCIONAL",3,2025-06-12,01:00:00,7,3,4.05,CAMPECHE,4,CAMPECHE,2,"SAN FRANCISCO DE CAMPECHE",14771,"AMPLIACION SAMULA",159,,,,"AMERICA , COLONIA AMPLIACION SAMULA, SAN FRANCISCO DE CAMPECHE, CAMPECHE, CAMPECHE"
435733,322771,"DAÑOS EN PROPIEDAD AJENA A TITULO DOLOSO O INTENCIONAL; LESIONES DOLOSAS","LESIONES DOLOSAS",3,2025-06-12,01:00:00,7,3,1.02.01,CAMPECHE,4,CAMPECHE,2,"SAN FRANCISCO DE CAMPECHE",14771,"AMPLIACION SAMULA",159,,,,"AMERICA , COLONIA AMPLIACION SAMULA, SAN FRANCISCO DE CAMPECHE, CAMPECHE, CAMPECHE"
435759,322799,"OPERACIONES CON RECURSOS DE PROCEDENCIA ILÍCITA","OPERACIONES CON RECURSOS DE PROCEDENCIA ILÍCITA",3,2025-06-12,14:30:00,7,3,4.07,CAMPECHE,4,CAMPECHE,2,SEYBAPLAYA,16853,"<SIN INFORMACION...>",19516,,,,"<SIN INFORMACION...> No. SIN NUMERO , COLONIA <SIN INFORMACION...>, SEYBAPLAYA, SEYBAPLAYA, CAMPECHE"
435786,322821,"ROBO CON VIOLENCIA","ROBO CON VIOLENCIA",3,2025-06-12,23:10:00,7,3,4.01.05,CAMPECHE,4,CAMPECHE,2,"SAN FRANCISCO DE CAMPECHE",14771,"BARRIO DE SANTA ANA",10,,,,"URUGUAY , COLONIA BARRIO DE SANTA ANA, SAN FRANCISCO DE CAMPECHE, CAMPECHE, CAMPECHE"
435794,322833,"VIOLACIÓN EQUIPARADA EN CONTRA DE MENORES E INCAPACES","VIOLACIÓN EQUIPARADA EN CONTRA DE MENORES E INCAPACES",3,2025-06-13,10:00:00,7,3,3.08.02,CAMPECHE,4,CAMPECHE,2,"SAN FRANCISCO DE CAMPECHE",14771,KILA,6,,,,"SAN FRANCISCO DE CAMPECHE, CAMPECHE, CAMPECHE"
435827,322862,"ROBO A COMERCIO","ROBO A COMERCIO",3,2025-06-13,18:55:00,7,3,4.01.11,CAMPECHE,4,CAMPECHE,2,"SAN FRANCISCO DE CAMPECHE",14771,"<SIN INFORMACION...>",17432,,,,"<SIN INFORMACION...> , COLONIA <SIN INFORMACION...>, SAN FRANCISCO DE CAMPECHE, CAMPECHE, CAMPECHE"
435838,322873,"ROBO DE VEHICULO","ROBO DE VEHICULO",3,2025-06-14,22:45:00,7,3,4.01.02.02,CAMPECHE,4,CAMPECHE,2,"SAN FRANCISCO DE CAMPECHE",14771,"<SIN INFORMACION...>",17432,,,,"<SIN INFORMACION...> , COLONIA <SIN INFORMACION...>, SAN FRANCISCO DE CAMPECHE, CAMPECHE, CAMPECHE"
435839,322874,"OPERACIONES CON RECURSOS DE PROCEDENCIA ILÍCITA","OPERACIONES CON RECURSOS DE PROCEDENCIA ILÍCITA",3,2025-06-14,11:00:00,7,3,4.07,CAMPECHE,4,CAMPECHE,2,"SAN FRANCISCO DE CAMPECHE",14771,"BARRIO DE SAN FRANCISCO",8,,,,"1RA PRIV RIVA PALACIO , COLONIA BARRIO DE SAN FRANCISCO, SAN FRANCISCO DE CAMPECHE, CAMPECHE, CAMPECHE"
435840,322875,"LESIONES A TITULO CULPOSO","LESIONES A TITULO CULPOSO",3,2025-06-14,01:00:00,7,3,1.02.02,CAMPECHE,4,CAMPECHE,2,"SAN FRANCISCO DE CAMPECHE",14771,"BARRIO DE GUADALUPE",5,,,,"AV MIGUEL ALEMAN , COLONIA BARRIO DE GUADALUPE, SAN FRANCISCO DE CAMPECHE, CAMPECHE, CAMPECHE"
435878,322916,"ROBO A COMERCIO","ROBO A COMERCIO",3,2025-06-15,15:30:00,7,3,4.01.11,CAMPECHE,4,CAMPECHE,2,"SAN FRANCISCO DE CAMPECHE",14771,"<SIN INFORMACION...>",17432,,,,"<SIN INFORMACION...> , COLONIA <SIN INFORMACION...>, SAN FRANCISCO DE CAMPECHE, CAMPECHE, CAMPECHE"
435888,322927,"LESIONES A TITULO CULPOSO; DAÑOS EN PROPIEDAD AJENA A TITULO CULPOSO O IMPRUDENCIAL","LESIONES A TITULO CULPOSO",3,2025-06-15,11:00:00,7,3,1.02.02,CAMPECHE,4,CAMPECHE,2,"SAN FRANCISCO DE CAMPECHE",14771,"BARRIO DE SAN FRANCISCO",8,,,,"AV MIGUEL ALEMAN , COLONIA BARRIO DE SAN FRANCISCO, SAN FRANCISCO DE CAMPECHE, CAMPECHE, CAMPECHE"
435888,322928,"LESIONES A TITULO CULPOSO; DAÑOS EN PROPIEDAD AJENA A TITULO CULPOSO O IMPRUDENCIAL","DAÑOS EN PROPIEDAD AJENA A TITULO CULPOSO O IMPRUDENCIAL",3,2025-06-15,11:00:00,7,3,4.05,CAMPECHE,4,CAMPECHE,2,"SAN FRANCISCO DE CAMPECHE",14771,"BARRIO DE SAN FRANCISCO",8,,,,"AV MIGUEL ALEMAN , COLONIA BARRIO DE SAN FRANCISCO, SAN FRANCISCO DE CAMPECHE, CAMPECHE, CAMPECHE"
435900,322939,"NARCOMENUDEO SIMPLE","NARCOMENUDEO SIMPLE",3,2025-06-16,08:40:00,7,3,7.01.01,CAMPECHE,4,CAMPECHE,2,"SAN FRANCISCO DE CAMPECHE",14771,CARMELO,17,,,,"C 1 , COLONIA CARMELO, SAN FRANCISCO DE CAMPECHE, CAMPECHE, CAMPECHE"
435907,322946,"ROBO A COMERCIO","ROBO A COMERCIO",3,2025-06-16,10:10:00,7,3,4.01.11,CAMPECHE,4,CAMPECHE,2,"SAN FRANCISCO DE CAMPECHE",14771,"<SIN INFORMACION...>",17432,,,,"<SIN INFORMACION...> , COLONIA <SIN INFORMACION...>, SAN FRANCISCO DE CAMPECHE, CAMPECHE, CAMPECHE"
435909,322949,"OPERACIONES CON RECURSOS DE PROCEDENCIA ILÍCITA","OPERACIONES CON RECURSOS DE PROCEDENCIA ILÍCITA",3,2025-06-16,09:35:00,7,3,4.07,CAMPECHE,4,CAMPECHE,2,"SAN FRANCISCO DE CAMPECHE",14771,"<SIN INFORMACION...>",17432,,,,"CALLE CPCAL ENTRE CALLE PEDREGAL Y CALLE FLAMBOYANES COLONIA MAPLEACION SAMULA SAN FRANCISCO DE CAMPECHE, CAMPECHE, CAMPECHE"
435938,322976,"NARCOMENUDEO SIMPLE","NARCOMENUDEO SIMPLE",3,2025-06-16,17:30:00,7,3,7.01.01,CAMPECHE,4,CAMPECHE,2,"SAN FRANCISCO DE CAMPECHE",14771,"BARRIO DE GUADALUPE",5,,,,"AV GOBERNADORES , COLONIA BARRIO DE GUADALUPE, SAN FRANCISCO DE CAMPECHE, CAMPECHE, CAMPECHE"
435957,322995,"OPERACIONES CON RECURSOS DE PROCEDENCIA ILÍCITA","OPERACIONES CON RECURSOS DE PROCEDENCIA ILÍCITA",3,2025-06-17,02:00:00,7,3,4.07,CAMPECHE,4,CAMPECHE,2,"SAN FRANCISCO DE CAMPECHE",14771,"<SIN INFORMACION...>",17432,,,,"<SIN INFORMACION...> , COLONIA <SIN INFORMACION...>, SAN FRANCISCO DE CAMPECHE, CAMPECHE, CAMPECHE"
435958,322996,"DAÑOS EN PROPIEDAD AJENA A TITULO DOLOSO O INTENCIONAL","DAÑOS EN PROPIEDAD AJENA A TITULO DOLOSO O INTENCIONAL",3,2025-06-17,11:00:00,7,3,4.05,CAMPECHE,4,CAMPECHE,2,"SAN FRANCISCO DE CAMPECHE",14771,"SAN JOSE",114,,,,"1RA PRIV DE LA 18 , COLONIA SAN JOSE, SAN FRANCISCO DE CAMPECHE, CAMPECHE, CAMPECHE"
435974,323011,"NARCOMENUDEO DE COMERCIO","NARCOMENUDEO DE COMERCIO",3,2025-06-17,11:59:00,7,3,7.01.02,CAMPECHE,4,CAMPECHE,2,"SAN FRANCISCO DE CAMPECHE",14771,CENTRO,22,,,,"AV 16 DE SEPTIEMBRE , COLONIA CENTRO, SAN FRANCISCO DE CAMPECHE, CAMPECHE, CAMPECHE"
435975,323012,"NARCOMENUDEO DE COMERCIO","NARCOMENUDEO DE COMERCIO",3,2025-06-17,00:02:00,7,3,7.01.02,CAMPECHE,4,CAMPECHE,2,"SAN FRANCISCO DE CAMPECHE",14771,CENTRO,22,,,,"AV 16 DE SEPTIEMBRE , COLONIA CENTRO, SAN FRANCISCO DE CAMPECHE, CAMPECHE, CAMPECHE"
435976,323013,"NARCOMENUDEO DE COMERCIO","NARCOMENUDEO DE COMERCIO",3,2025-06-17,07:00:00,7,3,7.01.02,CAMPECHE,4,CAMPECHE,2,"SAN FRANCISCO DE CAMPECHE",14771,CENTRO,22,,,,"C 10 , COLONIA CENTRO, SAN FRANCISCO DE CAMPECHE, CAMPECHE, CAMPECHE"
435991,323032,"ULTRAJES A LA AUTORIDAD; LESIONES CALIFICADAS","ULTRAJES A LA AUTORIDAD",3,2025-06-17,00:24:00,7,3,7.10,CAMPECHE,4,CAMPECHE,2,"SAN FRANCISCO DE CAMPECHE",14771,"BARRIO DE SAN ROMAN",9,,,,"1RA PRIV ABASOLO , COLONIA BARRIO DE SAN ROMAN, SAN FRANCISCO DE CAMPECHE, CAMPECHE, CAMPECHE"
435991,323033,"ULTRAJES A LA AUTORIDAD; LESIONES CALIFICADAS","LESIONES CALIFICADAS",3,2025-06-17,00:24:00,7,3,1.02.01,CAMPECHE,4,CAMPECHE,2,"SAN FRANCISCO DE CAMPECHE",14771,"BARRIO DE SAN ROMAN",9,,,,"1RA PRIV ABASOLO , COLONIA BARRIO DE SAN ROMAN, SAN FRANCISCO DE CAMPECHE, CAMPECHE, CAMPECHE"
436003,323045,"ABUSO DE CONFIANZA","ABUSO DE CONFIANZA",3,2025-06-17,01:20:00,7,3,4.03,CAMPECHE,4,CAMPECHE,2,"SAN FRANCISCO DE CAMPECHE",14771,TEPEYAC,120,,,,"BELLAVISTA , COLONIA TEPEYAC, SAN FRANCISCO DE CAMPECHE, CAMPECHE, CAMPECHE"
436024,323065,"OPERACIONES CON RECURSOS DE PROCEDENCIA ILÍCITA","OPERACIONES CON RECURSOS DE PROCEDENCIA ILÍCITA",3,2025-06-18,00:00:00,7,3,4.07,CAMPECHE,4,CAMPECHE,2,"SAN FRANCISCO DE CAMPECHE",14771,"<SIN INFORMACION...>",17432,,,,"<SIN INFORMACION...> , COLONIA <SIN INFORMACION...>, SAN FRANCISCO DE CAMPECHE, CAMPECHE, CAMPECHE"
436041,323082,"OPERACIONES CON RECURSOS DE PROCEDENCIA ILÍCITA","OPERACIONES CON RECURSOS DE PROCEDENCIA ILÍCITA",3,2025-06-18,01:00:00,7,3,4.07,CAMPECHE,4,CAMPECHE,2,"SAN FRANCISCO DE CAMPECHE",14771,KILA,6,,,,"C 20 A , COLONIA KILA, SAN FRANCISCO DE CAMPECHE, CAMPECHE, CAMPECHE"
436077,323118,"ROBO DE VEHICULO","ROBO DE VEHICULO",3,2025-06-18,22:00:00,7,3,4.01.02.01,CAMPECHE,4,CAMPECHE,2,"SAN FRANCISCO DE CAMPECHE",14771,"BARRIO DE SANTA ANA",10,,,,"AV CENTRAL ,POR AV COLOSIO COLONIA BARRIO DE SANTA ANA, SAN FRANCISCO DE CAMPECHE, CAMPECHE, CAMPECHE"
436079,323120,"OPERACIONES CON RECURSOS DE PROCEDENCIA ILÍCITA","OPERACIONES CON RECURSOS DE PROCEDENCIA ILÍCITA",3,2025-06-19,05:45:00,7,3,4.07,CAMPECHE,4,CAMPECHE,2,"SAN FRANCISCO DE CAMPECHE",14771,REVOLUCION,107,,,,"SAN JULIAN No. SINNUMERO  , COLONIA REVOLUCION, SAN FRANCISCO DE CAMPECHE, CAMPECHE, CAMPECHE"
436099,323140,"ROBO SIMPLE","ROBO SIMPLE",3,2025-06-19,11:30:00,7,3,4.01.14,CAMPECHE,4,CAMPECHE,2,"SAN FRANCISCO DE CAMPECHE",14771,"<SIN INFORMACION...>",17432,,,,"<SIN INFORMACION...> , COLONIA <SIN INFORMACION...>, SAN FRANCISCO DE CAMPECHE, CAMPECHE, CAMPECHE"
436136,323176,"ABUSO DE CONFIANZA","ABUSO DE CONFIANZA",3,2025-06-19,01:29:00,7,3,4.03,CAMPECHE,4,CAMPECHE,2,"SAN FRANCISCO DE CAMPECHE",14771,"CECATI 40",21,,,,"AV JOSE LOPEZ PORTILLO , COLONIA CECATI 40, SAN FRANCISCO DE CAMPECHE, CAMPECHE, CAMPECHE"
436195,323236,"ABUSO SEXUAL","ABUSO SEXUAL",3,2025-06-20,02:20:00,7,3,3.01,CAMPECHE,4,CAMPECHE,2,"SAN FRANCISCO DE CAMPECHE",14771,"CUATRO CAMINOS",25,,,,"4 CAMINOS No. - , COLONIA CUATRO CAMINOS, SAN FRANCISCO DE CAMPECHE, CAMPECHE, CAMPECHE"
436213,323255,"HOMICIDIO A TITULO CULPOSO O IMPRUDENCIAL","HOMICIDIO A TITULO CULPOSO O IMPRUDENCIAL",3,2025-06-21,03:10:00,7,3,1.01.02,CAMPECHE,4,CAMPECHE,2,"SAN FRANCISCO DE CAMPECHE",14771,"ZONA COMERCIAL AH KIM PECH",2,,,,"AV FUNDADORES , COLONIA ZONA COMERCIAL AH KIM PECH, SAN FRANCISCO DE CAMPECHE, CAMPECHE, CAMPECHE"
436220,323262,"ROBO SIMPLE","ROBO SIMPLE",3,2025-06-21,12:00:00,7,3,4.01.14,CAMPECHE,4,CAMPECHE,2,"SAN FRANCISCO DE CAMPECHE",14771,"<SIN INFORMACION...>",17432,,,,"<SIN INFORMACION...> , COLONIA <SIN INFORMACION...>, SAN FRANCISCO DE CAMPECHE, CAMPECHE, CAMPECHE"
436223,323265,"OPERACIONES CON RECURSOS DE PROCEDENCIA ILÍCITA","OPERACIONES CON RECURSOS DE PROCEDENCIA ILÍCITA",3,2025-06-21,11:00:00,7,3,4.07,CAMPECHE,4,CAMPECHE,2,"SAN FRANCISCO DE CAMPECHE",14771,"BARRIO DE SANTA ANA",10,,,,"1RA PRIV DE LA 49 , COLONIA BARRIO DE SANTA ANA, SAN FRANCISCO DE CAMPECHE, CAMPECHE, CAMPECHE"
436246,323287,"ROBO A COMERCIO","ROBO A COMERCIO",3,2025-06-22,09:45:00,7,3,4.01.11,CAMPECHE,4,CAMPECHE,2,"SAN FRANCISCO DE CAMPECHE",14771,"<SIN INFORMACION...>",17432,,,,"<SIN INFORMACION...> , COLONIA <SIN INFORMACION...>, SAN FRANCISCO DE CAMPECHE, CAMPECHE, CAMPECHE"
436307,323348,"ROBO A COMERCIO","ROBO A COMERCIO",3,2025-06-23,17:53:00,7,3,4.01.11,CAMPECHE,4,CAMPECHE,2,"SAN FRANCISCO DE CAMPECHE",14771,"BARRIO DE LA ERMITA",7,,,,"AV ALVARO OBREGON , COLONIA BARRIO DE LA ERMITA, SAN FRANCISCO DE CAMPECHE, CAMPECHE, CAMPECHE"
436320,323362,"NARCOMENUDEO SIMPLE","NARCOMENUDEO SIMPLE",3,2025-06-24,11:00:00,7,3,7.01.01,CAMPECHE,4,CAMPECHE,2,"SAN FRANCISCO DE CAMPECHE",14771,SASCALUM,118,,,,"AV JOSE LOPEZ PORTILLO , COLONIA SASCALUM, SAN FRANCISCO DE CAMPECHE, CAMPECHE, CAMPECHE"
436321,323392,"ROBO A CASA HABITACION","ROBO A CASA HABITACION",3,2025-06-24,04:00:00,7,3,4.01.01,CAMPECHE,4,CAMPECHE,2,"SAN FRANCISCO DE CAMPECHE",14771,"<SIN INFORMACION...>",17432,,,,"CALLE ABELARDO CARRIZO ZAVALA, COLONIA JARDINE, SAN FRANCISCO DE CAMPECHE, CAMPECHE, CAMPECHE"
436322,323364,"ALLANAMIENTO DE MORADA","ALLANAMIENTO DE MORADA",3,2025-06-24,07:20:00,7,3,7.03,CAMPECHE,4,CAMPECHE,2,"SAN FRANCISCO DE CAMPECHE",14771,"BARRIO DE SAN ROMAN",9,,,,"ABASOLO , COLONIA BARRIO DE SAN ROMAN, SAN FRANCISCO DE CAMPECHE, CAMPECHE, CAMPECHE"
436345,323391,"OPERACIONES CON RECURSOS DE PROCEDENCIA ILÍCITA","OPERACIONES CON RECURSOS DE PROCEDENCIA ILÍCITA",3,2025-06-24,01:00:00,7,3,4.07,CAMPECHE,4,CAMPECHE,2,"SAN FRANCISCO DE CAMPECHE",14771,"BARRIO DE SANTA ANA",10,,,,"S/N No. AV. FRANCI , COLONIA BARRIO DE SANTA ANA, SAN FRANCISCO DE CAMPECHE, CAMPECHE, CAMPECHE"
436350,323397,"OPERACIONES CON RECURSOS DE PROCEDENCIA ILÍCITA","OPERACIONES CON RECURSOS DE PROCEDENCIA ILÍCITA",3,2025-06-24,11:03:57,7,3,4.07,CAMPECHE,4,CAMPECHE,2,"SAN FRANCISCO DE CAMPECHE",14771,"<SIN INFORMACION...>",17432,,,,"<SIN INFORMACION...> , COLONIA <SIN INFORMACION...>, SAN FRANCISCO DE CAMPECHE, CAMPECHE, CAMPECHE"
436383,323430,"ROBO A COMERCIO","ROBO A COMERCIO",3,2025-06-24,18:55:00,7,3,4.01.11,CAMPECHE,4,CAMPECHE,2,"SAN FRANCISCO DE CAMPECHE",14771,"AEROPUERTO ING ALBERTO ACUNA  ONGAY",1,,,,"16 DE SEPTIEMBRE , COLONIA AEROPUERTO ING ALBERTO ACUNA  ONGAY, SAN FRANCISCO DE CAMPECHE, CAMPECHE, CAMPECHE"
436405,323453,"ULTRAJES A LA AUTORIDAD; LESIONES CALIFICADAS","ULTRAJES A LA AUTORIDAD",3,2025-06-25,10:50:00,7,3,7.10,CAMPECHE,4,CAMPECHE,2,"SAN FRANCISCO DE CAMPECHE",14771,AVIACION,4,,,,"1RA PRIV HIDALGO , COLONIA AVIACION, SAN FRANCISCO DE CAMPECHE, CAMPECHE, CAMPECHE"
436405,323454,"ULTRAJES A LA AUTORIDAD; LESIONES CALIFICADAS","LESIONES CALIFICADAS",3,2025-06-25,10:50:00,7,3,1.02.01,CAMPECHE,4,CAMPECHE,2,"SAN FRANCISCO DE CAMPECHE",14771,AVIACION,4,,,,"1RA PRIV HIDALGO , COLONIA AVIACION, SAN FRANCISCO DE CAMPECHE, CAMPECHE, CAMPECHE"
436418,323471,ESTUPRO,ESTUPRO,3,2025-06-25,03:00:00,7,3,3.07,CAMPECHE,4,CAMPECHE,2,"SAN FRANCISCO DE CAMPECHE",14771,AVIACION,4,,,,"1RA PRIV HIDALGO , COLONIA AVIACION, SAN FRANCISCO DE CAMPECHE, CAMPECHE, CAMPECHE"
436431,323485,"ROBO A COMERCIO","ROBO A COMERCIO",3,2025-06-26,08:00:00,7,3,4.01.11,CAMPECHE,4,CAMPECHE,2,"SAN FRANCISCO DE CAMPECHE",14771,"SAN JOSE",114,,,,"S/N No. SIN NOMBRE , COLONIA SAN JOSE, SAN FRANCISCO DE CAMPECHE, CAMPECHE, CAMPECHE"
436458,323515,"ROBO CON VIOLENCIA","ROBO CON VIOLENCIA",3,2025-06-26,10:00:00,7,3,4.01.14,CAMPECHE,4,CAMPECHE,2,"SAN FRANCISCO DE CAMPECHE",14771,"<SIN INFORMACION...>",17432,,,,"<SIN INFORMACION...> , COLONIA <SIN INFORMACION...>, SAN FRANCISCO DE CAMPECHE, CAMPECHE, CAMPECHE"
436464,323521,"DAÑOS EN PROPIEDAD AJENA A TITULO CULPOSO O IMPRUDENCIAL","DAÑOS EN PROPIEDAD AJENA A TITULO CULPOSO O IMPRUDENCIAL",3,2025-06-26,00:00:00,7,3,4.05,CAMPECHE,4,CAMPECHE,2,"SAN FRANCISCO DE CAMPECHE",14771,"<SIN INFORMACION...>",17432,,,,"<SIN INFORMACION...> , COLONIA <SIN INFORMACION...>, SAN FRANCISCO DE CAMPECHE, CAMPECHE, CAMPECHE"
436467,323525,"OPERACIONES CON RECURSOS DE PROCEDENCIA ILÍCITA","OPERACIONES CON RECURSOS DE PROCEDENCIA ILÍCITA",3,2025-06-27,04:35:00,7,3,4.07,CAMPECHE,4,CAMPECHE,2,"SAN FRANCISCO DE CAMPECHE",14771,"<SIN INFORMACION...>",17432,,,,"SAN FRANCISCO DE CAMPECHE, CAMPECHE, CAMPECHE"
436481,323540,"ROBO A CASA HABITACION","ROBO A CASA HABITACION",3,2025-06-27,00:00:00,7,3,4.01.01,CAMPECHE,4,CAMPECHE,2,"SAN FRANCISCO DE CAMPECHE",14771,"ZONA COMERCIAL AH KIM PECH",2,,,,"AV FUNDADORES , COLONIA ZONA COMERCIAL AH KIM PECH, SAN FRANCISCO DE CAMPECHE, CAMPECHE, CAMPECHE"
436495,323555,"FRAUDE GENERICO","FRAUDE GENERICO",3,2025-06-27,11:00:00,7,3,4.02,CAMPECHE,4,CAMPECHE,2,"SAN FRANCISCO DE CAMPECHE",14771,"<SIN INFORMACION...>",17432,,,,"<SIN INFORMACION...> , COLONIA <SIN INFORMACION...>, SAN FRANCISCO DE CAMPECHE, CAMPECHE, CAMPECHE"
436510,323568,"HOMICIDIO CALIFICADO","HOMICIDIO CALIFICADO",3,2025-06-27,23:45:00,7,3,1.01.01,CAMPECHE,4,CAMPECHE,2,"SAN FRANCISCO DE CAMPECHE",14771,"AEROPUERTO ING ALBERTO ACUNA  ONGAY",1,,,,"16 DE SEPTIEMBRE No. SINNUMERO  , COLONIA AEROPUERTO ING ALBERTO ACUNA  ONGAY, SAN FRANCISCO DE CAMPECHE, CAMPECHE, CAMPECHE"
436512,323570,"ULTRAJES A LA AUTORIDAD; AMENAZAS","ULTRAJES A LA AUTORIDAD",3,2025-06-28,01:30:00,7,3,7.10,CAMPECHE,4,CAMPECHE,2,"SAN FRANCISCO DE CAMPECHE",14771,"BARRIO DE SANTA ANA",10,,,,"REPUBLICA DEL SALVADOR , COLONIA BARRIO DE SANTA ANA, SAN FRANCISCO DE CAMPECHE, CAMPECHE, CAMPECHE"
436512,323571,"ULTRAJES A LA AUTORIDAD; AMENAZAS",AMENAZAS,3,2025-06-28,01:30:00,7,3,7.02,CAMPECHE,4,CAMPECHE,2,"SAN FRANCISCO DE CAMPECHE",14771,"BARRIO DE SANTA ANA",10,,,,"REPUBLICA DEL SALVADOR , COLONIA BARRIO DE SANTA ANA, SAN FRANCISCO DE CAMPECHE, CAMPECHE, CAMPECHE"
436513,323572,"OPERACIONES CON RECURSOS DE PROCEDENCIA ILÍCITA","OPERACIONES CON RECURSOS DE PROCEDENCIA ILÍCITA",3,2025-06-28,01:40:00,7,3,4.07,CAMPECHE,4,CAMPECHE,2,"SAN FRANCISCO DE CAMPECHE",14771,"IMI I",351,,,,"<SIN INFORMACION...> No. SINN UMERO , COLONIA IMI I, SAN FRANCISCO DE CAMPECHE, CAMPECHE, CAMPECHE"
436516,323575,"OPERACIONES CON RECURSOS DE PROCEDENCIA ILÍCITA","OPERACIONES CON RECURSOS DE PROCEDENCIA ILÍCITA",3,2025-06-28,07:50:00,7,3,4.07,CAMPECHE,4,CAMPECHE,2,"SAN FRANCISCO DE CAMPECHE",14771,"AEROPUERTO ING ALBERTO ACUNA  ONGAY",1,,,,"16 DE SEPTIEMBRE , COLONIA AEROPUERTO ING ALBERTO ACUNA  ONGAY, SAN FRANCISCO DE CAMPECHE, CAMPECHE, CAMPECHE"
436532,323591,"DAÑOS EN PROPIEDAD AJENA A TITULO DOLOSO O INTENCIONAL","DAÑOS EN PROPIEDAD AJENA A TITULO DOLOSO O INTENCIONAL",3,2025-06-29,00:07:58,7,3,4.05,CAMPECHE,4,CAMPECHE,2,"SAN FRANCISCO DE CAMPECHE",14771,SAMULA,108,,,,"C 17 , COLONIA SAMULA, SAN FRANCISCO DE CAMPECHE, CAMPECHE, CAMPECHE"
436542,323601,"ROBO A COMERCIO","ROBO A COMERCIO",3,2025-06-29,08:00:00,7,3,4.01.11,CAMPECHE,4,CAMPECHE,2,"SAN FRANCISCO DE CAMPECHE",14771,"ZONA COMERCIAL AH KIM PECH",2,,,,"AV FUNDADORES , COLONIA ZONA COMERCIAL AH KIM PECH, SAN FRANCISCO DE CAMPECHE, CAMPECHE, CAMPECHE"
436550,323638,"LESIONES A TITULO CULPOSO; DAÑOS EN PROPIEDAD AJENA A TITULO CULPOSO O IMPRUDENCIAL","LESIONES A TITULO CULPOSO",3,2025-06-29,23:29:00,7,3,1.02.02,CAMPECHE,4,CAMPECHE,2,"SAN FRANCISCO DE CAMPECHE",14771,"<SIN INFORMACION...>",17432,,,,"COOPERATIVA KALA, LOS CEDROS SAN FRANCISCO DE CAMPECHE, CAMPECHE, CAMPECHE"
436550,323645,"LESIONES A TITULO CULPOSO; DAÑOS EN PROPIEDAD AJENA A TITULO CULPOSO O IMPRUDENCIAL","DAÑOS EN PROPIEDAD AJENA A TITULO CULPOSO O IMPRUDENCIAL",3,2025-06-29,23:29:00,7,3,4.05,CAMPECHE,4,CAMPECHE,2,"SAN FRANCISCO DE CAMPECHE",14771,"<SIN INFORMACION...>",17432,,,,"COOPERATIVA KALA, LOS CEDROS SAN FRANCISCO DE CAMPECHE, CAMPECHE, CAMPECHE"
436567,323635,"VIOLENCIA FAMILIAR","VIOLENCIA FAMILIAR",3,2025-06-30,09:49:00,7,3,5.01,CAMPECHE,4,CAMPECHE,2,"SAN FRANCISCO DE CAMPECHE",14771,SAMULA,108,,,,"1RA PRIV DE LA 12 , COLONIA SAMULA, SAN FRANCISCO DE CAMPECHE, CAMPECHE, CAMPECHE"
436593,323665,"DAÑOS EN PROPIEDAD AJENA A TITULO DOLOSO O INTENCIONAL","DAÑOS EN PROPIEDAD AJENA A TITULO DOLOSO O INTENCIONAL",3,2025-06-30,00:45:00,7,3,4.05,CAMPECHE,4,CAMPECHE,2,"SAN FRANCISCO DE CAMPECHE",14771,MINAS,95,,,,"AGUA MARINA , COLONIA MINAS, SAN FRANCISCO DE CAMPECHE, CAMPECHE, CAMPECHE"
344662,228881,"ABUSO SEXUAL","ABUSO SEXUAL",3,2025-06-02,11:00:00,7,3,3.01,CAMPECHE,4,CAMPECHE,2,"SAN FRANCISCO DE CAMPECHE",14771,"AEROPUERTO ING ALBERTO ACUNA  ONGAY",1,,,,"16 DE SEPTIEMBRE , COLONIA AEROPUERTO ING ALBERTO ACUNA  ONGAY, SAN FRANCISCO DE CAMPECHE, CAMPECHE, CAMPECHE"
344701,228916,"VIOLACION EQUIPARADA","VIOLACION EQUIPARADA",3,2025-06-05,11:00:00,7,3,3.08.02,CAMPECHE,4,CAMPECHE,2,"SAN FRANCISCO DE CAMPECHE",14771,"ZONA COMERCIAL AH KIM PECH",2,,,,"AV MARIA LAVALLE URBINA , COLONIA ZONA COMERCIAL AH KIM PECH, SAN FRANCISCO DE CAMPECHE, CAMPECHE, CAMPECHE"
344715,228931,AMENAZAS,AMENAZAS,3,2025-06-07,13:04:32,7,3,7.02,CAMPECHE,4,CAMPECHE,2,"SAN FRANCISCO DE CAMPECHE",14771,"<SIN INFORMACION...>",17432,,,,"<SIN INFORMACION...> , COLONIA <SIN INFORMACION...>, SAN FRANCISCO DE CAMPECHE, CAMPECHE, CAMPECHE"
344728,228943,"VIOLACION EQUIPARADA","VIOLACION EQUIPARADA",3,2025-06-09,00:00:00,7,3,3.08.02,CAMPECHE,4,CAMPECHE,2,"SAN FRANCISCO DE CAMPECHE",14771,"AEROPUERTO ING ALBERTO ACUNA  ONGAY",1,,,,"16 DE SEPTIEMBRE No. X X , COLONIA AEROPUERTO ING ALBERTO ACUNA  ONGAY, SAN FRANCISCO DE CAMPECHE, CAMPECHE, CAMPECHE"
344745,228961,"VIOLENCIA FAMILIAR","VIOLENCIA FAMILIAR",3,2025-06-10,15:40:00,7,3,5.01,CAMPECHE,4,CAMPECHE,2,"SAN FRANCISCO DE CAMPECHE",14771,"<SIN INFORMACION...>",17432,,,,"<SIN INFORMACION...> , COLONIA <SIN INFORMACION...>, SAN FRANCISCO DE CAMPECHE, CAMPECHE, CAMPECHE"
344747,228963,"VIOLACION SIMPLE","VIOLACION SIMPLE",3,2025-06-10,22:23:35,7,3,3.08.01,CAMPECHE,4,CAMPECHE,2,"SAN FRANCISCO DE CAMPECHE",14771,"<SIN INFORMACION...>",17432,,,,"<SIN INFORMACION...> , COLONIA <SIN INFORMACION...>, SAN FRANCISCO DE CAMPECHE, CAMPECHE, CAMPECHE"
344769,228986,"VIOLENCIA FAMILIAR","VIOLENCIA FAMILIAR",3,2025-06-13,11:00:00,7,3,5.01,CAMPECHE,4,CAMPECHE,2,"SAN FRANCISCO DE CAMPECHE",14771,"BUENAVISTA INVASION",8496,,,,"CALLE 22 DE MAYO ENTRE CALLLE PRIMERO DE MAYO Y DOCE DE MAYO DE LA COLONIA INVASIN SINAI, SAN FRANCISCO DE CAMPECHE, CAMPECHE, CAMPECHE"
344771,228989,AMENAZAS,AMENAZAS,3,2025-06-14,06:37:00,7,3,7.02,CAMPECHE,4,CAMPECHE,2,"SAN FRANCISCO DE CAMPECHE",14771,"<SIN INFORMACION...>",17432,,,,"<SIN INFORMACION...> , COLONIA <SIN INFORMACION...>, SAN FRANCISCO DE CAMPECHE, CAMPECHE, CAMPECHE"
344774,228993,"VIOLENCIA FAMILIAR","VIOLENCIA FAMILIAR",3,2025-06-15,13:44:33,7,3,5.01,CAMPECHE,4,CAMPECHE,2,"SAN FRANCISCO DE CAMPECHE",14771,REVOLUCION,107,,,,"CALLE SAN JULIÁN ENTRE CALLE 17 Y CALLE 19 DE LA COLONIA REVOLUCIÓN, SAN FRANCISCO DE CAMPECHE, CAMPECHE"
344789,229008,"VIOLENCIA FAMILIAR","VIOLENCIA FAMILIAR",3,2025-06-16,23:48:00,7,3,5.01,CAMPECHE,4,CAMPECHE,2,"SAN FRANCISCO DE CAMPECHE",14771,SAMULA,108,,,,"AND 3 No. 7 , COLONIA SAMULA, SAN FRANCISCO DE CAMPECHE, CAMPECHE, CAMPECHE"
344790,229009,"LESIONES CALIFICADAS; DAÑOS EN PROPIEDAD AJENA A TITULO DOLOSO O INTENCIONAL","LESIONES CALIFICADAS",3,2025-06-17,05:25:00,7,3,1.02.01,CAMPECHE,4,CAMPECHE,2,"SAN FRANCISCO DE CAMPECHE",14771,"AEROPUERTO ING ALBERTO ACUNA  ONGAY",1,,,,"16 DE SEPTIEMBRE , COLONIA AEROPUERTO ING ALBERTO ACUNA  ONGAY, SAN FRANCISCO DE CAMPECHE, CAMPECHE, CAMPECHE"
344790,229010,"LESIONES CALIFICADAS; DAÑOS EN PROPIEDAD AJENA A TITULO DOLOSO O INTENCIONAL","DAÑOS EN PROPIEDAD AJENA A TITULO DOLOSO O INTENCIONAL",3,2025-06-17,05:25:00,7,3,4.05,CAMPECHE,4,CAMPECHE,2,"SAN FRANCISCO DE CAMPECHE",14771,"AEROPUERTO ING ALBERTO ACUNA  ONGAY",1,,,,"16 DE SEPTIEMBRE , COLONIA AEROPUERTO ING ALBERTO ACUNA  ONGAY, SAN FRANCISCO DE CAMPECHE, CAMPECHE, CAMPECHE"
344797,229019,"VIOLENCIA FAMILIAR","VIOLENCIA FAMILIAR",3,2025-06-18,03:00:00,7,3,5.01,CAMPECHE,4,CAMPECHE,2,"SAN FRANCISCO DE CAMPECHE",14771,"<SIN INFORMACION...>",17432,,,,"<SIN INFORMACION...> , COLONIA <SIN INFORMACION...>, SAN FRANCISCO DE CAMPECHE, CAMPECHE, CAMPECHE"
344806,229027,"VIOLENCIA FAMILIAR","VIOLENCIA FAMILIAR",3,2025-06-18,10:00:00,7,3,5.01,CAMPECHE,4,CAMPECHE,2,CHAMPOTON,16831,CHAMPOTON,9999,,,,"CHAMPOTON No. X , COLONIA CHAMPOTON, CHAMPOTON, CHAMPOTON, CAMPECHE"
344815,229038,"ABUSO SEXUAL","ABUSO SEXUAL",3,2025-06-20,11:00:00,7,3,3.01,CAMPECHE,4,CAMPECHE,2,"SAN FRANCISCO DE CAMPECHE",14771,"ZONA COMERCIAL AH KIM PECH",2,,,,"AV LAS PALMAS , COLONIA ZONA COMERCIAL AH KIM PECH, SAN FRANCISCO DE CAMPECHE, CAMPECHE, CAMPECHE"
344826,229048,"VIOLENCIA FAMILIAR","VIOLENCIA FAMILIAR",3,2025-06-21,06:29:00,7,3,5.01,CAMPECHE,4,CAMPECHE,2,"SAN FRANCISCO DE CAMPECHE",14771,"ZONA COMERCIAL AH KIM PECH",2,,,,"AV LAS PALMAS No. X X , COLONIA ZONA COMERCIAL AH KIM PECH, SAN FRANCISCO DE CAMPECHE, CAMPECHE, CAMPECHE"
344837,229067,"VIOLACION EQUIPARADA","VIOLACION EQUIPARADA",3,2025-06-23,10:00:00,7,3,3.08.02,CAMPECHE,4,CAMPECHE,2,"SAN FRANCISCO DE CAMPECHE",14771,"BARRIO DE SAN FRANCISCO",8,,,,"C 10 No. X X , COLONIA BARRIO DE SAN FRANCISCO, SAN FRANCISCO DE CAMPECHE, CAMPECHE, CAMPECHE"
344851,229083,"VIOLACION SIMPLE","VIOLACION SIMPLE",3,2025-06-24,14:45:00,8,1,3.08.01,CAMPECHE,4,CAMPECHE,2,CHAMPOTON,16831,"<SIN INFORMACION...>",19494,,,,"<SIN INFORMACION...> , COLONIA <SIN INFORMACION...>, CHAMPOTON, CHAMPOTON, CAMPECHE"
344852,229084,"VIOLENCIA FAMILIAR","VIOLENCIA FAMILIAR",3,2025-06-24,22:41:00,7,3,5.01,CAMPECHE,4,CAMPECHE,2,"SAN FRANCISCO DE CAMPECHE",14771,"MIGUEL HIDALGO",94,,,,"CALLE VICENTE GUERRERO ENTRE CALLE  AMERICA Y CALLE  JABIN AMPLIACION MIGUEL HILDAGO, SAN FRANCISCO DE CAMPECHE, CAMPECHE"
344872,229105,"VIOLENCIA FAMILIAR","VIOLENCIA FAMILIAR",3,2025-06-27,04:19:41,7,3,5.01,CAMPECHE,4,CAMPECHE,2,"SAN FRANCISCO DE CAMPECHE",14771,"AMPLIACION JOSEFA ORTIZ DE DOMINGUEZ",160,,,,"CALLE REYES HEROLES, ENTRE CALLE SAL SI PUEDES Y CALLE 7 DE AGOSTO, COLONIA AMPLIACION JOSE ORTIZ DE DOMINGUEZ, SAN FRANCISCO DE CAMPECHE, CAMPECHE, CAMPECHE"
344891,229125,"AMENAZAS; DAÑOS EN PROPIEDAD AJENA A TITULO DOLOSO O INTENCIONAL; ALLANAMIENTO DE MORADA",AMENAZAS,3,2025-06-30,01:39:00,7,3,7.02,CAMPECHE,4,CAMPECHE,2,"SAN FRANCISCO DE CAMPECHE",14771,"AEROPUERTO ING ALBERTO ACUNA  ONGAY",1,,,,"CALLE TRIGESIMA PRIMERA MANZANA 34 LOTE 11,  ENTRE AVENIDA RAMON ESPINOLA BLANCO DE LA COLONIA  EX HACIENDA KALA, DE ESTA CIUDAD DE CAMPECHE"
344891,229126,"AMENAZAS; DAÑOS EN PROPIEDAD AJENA A TITULO DOLOSO O INTENCIONAL; ALLANAMIENTO DE MORADA","DAÑOS EN PROPIEDAD AJENA A TITULO DOLOSO O INTENCIONAL",3,2025-06-30,01:39:00,7,3,4.05,CAMPECHE,4,CAMPECHE,2,"SAN FRANCISCO DE CAMPECHE",14771,"AEROPUERTO ING ALBERTO ACUNA  ONGAY",1,,,,"CALLE TRIGESIMA PRIMERA MANZANA 34 LOTE 11,  ENTRE AVENIDA RAMON ESPINOLA BLANCO DE LA COLONIA  EX HACIENDA KALA, DE ESTA CIUDAD DE CAMPECHE"
344891,229132,"AMENAZAS; DAÑOS EN PROPIEDAD AJENA A TITULO DOLOSO O INTENCIONAL; ALLANAMIENTO DE MORADA","ALLANAMIENTO DE MORADA",3,2025-06-30,01:39:00,7,3,7.03,CAMPECHE,4,CAMPECHE,2,"SAN FRANCISCO DE CAMPECHE",14771,"AEROPUERTO ING ALBERTO ACUNA  ONGAY",1,,,,"CALLE TRIGESIMA PRIMERA MANZANA 34 LOTE 11,  ENTRE AVENIDA RAMON ESPINOLA BLANCO DE LA COLONIA  EX HACIENDA KALA, DE ESTA CIUDAD DE CAMPECHE"
344892,229127,"VIOLACION EQUIPARADA","VIOLACION EQUIPARADA",3,2025-06-30,14:22:00,7,3,3.08.02,CAMPECHE,4,CAMPECHE,2,"SAN FRANCISCO DE CAMPECHE",14771,FATIMA,31,,,,"CARRETERA HOPELCHEN, BOLONCHEN KM 4 RANCHO SAN JUDAS HOPELCHEN CAMPECHE"
138397,138039,"VIOLACION EQUIPARADA","VIOLACION EQUIPARADA",3,2025-06-09,11:00:00,7,3,3.08.02,CAMPECHE,4,CANDELARIA,11,CANDELARIA,18879,"<SIN INFORMACION...>",21549,,,,"CANDELARIA, CANDELARIA, CAMPECHE"
400660,289504,"LESIONES A TITULO CULPOSO; DAÑOS EN PROPIEDAD AJENA A TITULO CULPOSO O IMPRUDENCIAL","LESIONES A TITULO CULPOSO",3,2025-06-01,15:50:00,7,3,1.02.02,CAMPECHE,4,CARMEN,3,"CIUDAD DEL CARMEN",15242,"<SIN INFORMACION...>",17904,,,,"<SIN INFORMACION...> , COLONIA <SIN INFORMACION...>, CIUDAD DEL CARMEN, CARMEN, CAMPECHE"
400660,289505,"LESIONES A TITULO CULPOSO; DAÑOS EN PROPIEDAD AJENA A TITULO CULPOSO O IMPRUDENCIAL","DAÑOS EN PROPIEDAD AJENA A TITULO CULPOSO O IMPRUDENCIAL",3,2025-06-01,15:50:00,7,3,4.05,CAMPECHE,4,CARMEN,3,"CIUDAD DEL CARMEN",15242,"<SIN INFORMACION...>",17904,,,,"<SIN INFORMACION...> , COLONIA <SIN INFORMACION...>, CIUDAD DEL CARMEN, CARMEN, CAMPECHE"
400666,289511,"OMISION DE AUXILIO","OMISION DE AUXILIO",3,2025-06-01,11:00:00,7,3,1.05,CAMPECHE,4,CARMEN,3,"CIUDAD DEL CARMEN",15242,"<SIN INFORMACION...>",17904,,,,"<SIN INFORMACION...> , COLONIA <SIN INFORMACION...>, CIUDAD DEL CARMEN, CARMEN, CAMPECHE"
400667,289512,"NARCOMENUDEO SIMPLE","NARCOMENUDEO SIMPLE",3,2025-06-01,11:00:00,7,3,7.01.01,CAMPECHE,4,CARMEN,3,"CIUDAD DEL CARMEN",15242,"<SIN INFORMACION...>",17904,,,,"<SIN INFORMACION...> , COLONIA <SIN INFORMACION...>, CIUDAD DEL CARMEN, CARMEN, CAMPECHE"
400676,289522,"NARCOMENUDEO DE COMERCIO","NARCOMENUDEO DE COMERCIO",3,2025-06-02,01:00:00,7,3,7.01.01,CAMPECHE,4,CARMEN,3,"CIUDAD DEL CARMEN",15242,ARCILA,17100,,,,"CARR. CARMEN PUERTO REAL , COLONIA ARCILA, CIUDAD DEL CARMEN, CARMEN, CAMPECHE"
400682,289529,"ROBO A CASA HABITACION","ROBO A CASA HABITACION",3,2025-06-02,01:00:00,7,3,4.01.01,CAMPECHE,4,CARMEN,3,"CIUDAD DEL CARMEN",15242,"COL. AEROPUERTO",17099,,,,"DEL PELICANO No. X X , COLONIA COL. AEROPUERTO, CIUDAD DEL CARMEN, CARMEN, CAMPECHE"
400683,289530,"DAÑOS EN PROPIEDAD AJENA A TITULO DOLOSO O INTENCIONAL","DAÑOS EN PROPIEDAD AJENA A TITULO DOLOSO O INTENCIONAL",3,2025-06-02,01:00:00,7,3,4.05,CAMPECHE,4,CARMEN,3,"CIUDAD DEL CARMEN",15242,"MIGUEL DE LA MADRID",17139,,,,"17-A No. 2 , COLONIA MIGUEL DE LA MADRID, CIUDAD DEL CARMEN, CARMEN, CAMPECHE"
400689,289537,"DAÑOS EN PROPIEDAD AJENA A TITULO DOLOSO O INTENCIONAL","DAÑOS EN PROPIEDAD AJENA A TITULO DOLOSO O INTENCIONAL",3,2025-06-02,11:00:00,7,3,4.05,CAMPECHE,4,CARMEN,3,"CIUDAD DEL CARMEN",15242,"23 DE JULIO",17098,,,,"CAOBA No. 2 2 , COLONIA 23 DE JULIO, CIUDAD DEL CARMEN, CARMEN, CAMPECHE"
400693,289541,"ROBO A LUGAR CERRADO","ROBO A LUGAR CERRADO",3,2025-06-02,09:00:00,7,3,4.01.14,CAMPECHE,4,CARMEN,3,"CIUDAD DEL CARMEN",15242,"<SIN INFORMACION...>",17904,,,,"<SIN INFORMACION...> , COLONIA <SIN INFORMACION...>, CIUDAD DEL CARMEN, CARMEN, CAMPECHE"
400697,289545,"FRAUDE GENERICO; DELITOS DE ABOGADOS, PATRONOS O LITIGANTES","FRAUDE GENERICO",3,2025-06-02,05:00:00,7,3,4.02,CAMPECHE,4,CARMEN,3,"CIUDAD DEL CARMEN",15242,"COL. AEROPUERTO",17099,,,,"DEL AGUILA , COLONIA COL. AEROPUERTO, CIUDAD DEL CARMEN, CARMEN, CAMPECHE"
400697,289546,"FRAUDE GENERICO; DELITOS DE ABOGADOS, PATRONOS O LITIGANTES","DELITOS DE ABOGADOS, PATRONOS O LITIGANTES",3,2025-06-02,05:00:00,7,3,7.10,CAMPECHE,4,CARMEN,3,"CIUDAD DEL CARMEN",15242,"COL. AEROPUERTO",17099,,,,"DEL AGUILA , COLONIA COL. AEROPUERTO, CIUDAD DEL CARMEN, CARMEN, CAMPECHE"
400709,289559,"LESIONES CALIFICADAS","LESIONES CALIFICADAS",3,2025-06-03,10:00:00,7,3,1.02.01,CAMPECHE,4,CARMEN,3,"CIUDAD DEL CARMEN",15242,"<SIN INFORMACION...>",17904,,,,"<SIN INFORMACION...> No. S/N S/N , COLONIA <SIN INFORMACION...>, CIUDAD DEL CARMEN, CARMEN, CAMPECHE"
400710,289560,"ROBO A LUGAR CERRADO","ROBO A LUGAR CERRADO",3,2025-06-03,11:00:00,7,3,4.01.14,CAMPECHE,4,CARMEN,3,"CIUDAD DEL CARMEN",15242,"23 DE JULIO",17098,,,,"S/N , COLONIA 23 DE JULIO, CIUDAD DEL CARMEN, CARMEN, CAMPECHE"
400716,289566,"DELITOS QUE ATENTAN CONTRA EL CUMPLIMIENTO DE LA OBLIGACION ALIMENTARIA","DELITOS QUE ATENTAN CONTRA EL CUMPLIMIENTO DE LA OBLIGACION ALIMENTARIA",3,2025-06-03,03:13:00,7,3,5.03,CAMPECHE,4,CARMEN,3,"CIUDAD DEL CARMEN",15242,AVIACION,17101,,,,"50 , COLONIA AVIACION, CIUDAD DEL CARMEN, CARMEN, CAMPECHE"
400721,289571,"OPERACIONES CON RECURSOS DE PROCEDENCIA ILÍCITA","OPERACIONES CON RECURSOS DE PROCEDENCIA ILÍCITA",3,2025-06-03,08:00:00,7,3,4.07,CAMPECHE,4,CARMEN,3,"CIUDAD DEL CARMEN",15242,"<SIN INFORMACION...>",17904,,,,"<SIN INFORMACION...> No. S S , COLONIA <SIN INFORMACION...>, CIUDAD DEL CARMEN, CARMEN, CAMPECHE"
400723,289574,"ROBO SIMPLE","ROBO SIMPLE",3,2025-06-03,20:04:00,7,3,4.01.11,CAMPECHE,4,CARMEN,3,"CIUDAD DEL CARMEN",15242,"COL. AEROPUERTO",17099,,,,"PORTUGAL , COLONIA COL. AEROPUERTO, CIUDAD DEL CARMEN, CARMEN, CAMPECHE"
400725,289576,"DELITOS QUE ATENTAN CONTRA EL CUMPLIMIENTO DE LA OBLIGACION ALIMENTARIA","DELITOS QUE ATENTAN CONTRA EL CUMPLIMIENTO DE LA OBLIGACION ALIMENTARIA",3,2025-06-03,23:22:00,7,3,5.03,CAMPECHE,4,CARMEN,3,"CIUDAD DEL CARMEN",15242,"<SIN INFORMACION...>",17904,,,,"<SIN INFORMACION...> , COLONIA <SIN INFORMACION...>, CIUDAD DEL CARMEN, CARMEN, CAMPECHE"
400738,289594,"ABUSO SEXUAL","ABUSO SEXUAL",3,2025-06-04,11:00:00,7,3,3.01,CAMPECHE,4,CARMEN,3,"CIUDAD DEL CARMEN",15242,"<SIN INFORMACION...>",17904,,,,"<SIN INFORMACION...> , COLONIA <SIN INFORMACION...>, CIUDAD DEL CARMEN, CARMEN, CAMPECHE"
400745,289602,"ULTRAJES A LA AUTORIDAD","ULTRAJES A LA AUTORIDAD",3,2025-06-04,11:00:00,7,3,7.10,CAMPECHE,4,CARMEN,3,"CIUDAD DEL CARMEN",15242,"<SIN INFORMACION...>",17904,,,,"<SIN INFORMACION...> , COLONIA <SIN INFORMACION...>, CIUDAD DEL CARMEN, CARMEN, CAMPECHE"
400761,289620,"ROBO CON VIOLENCIA","ROBO CON VIOLENCIA",3,2025-06-05,05:00:00,7,3,4.01.14,CAMPECHE,4,CARMEN,3,"CIUDAD DEL CARMEN",15242,BIVALBO,17104,,,,"TABACHINES , COLONIA BIVALBO, CIUDAD DEL CARMEN, CARMEN, CAMPECHE"
400762,289621,"VIOLENCIA FAMILIAR","VIOLENCIA FAMILIAR",3,2025-06-05,10:00:00,7,3,5.01,CAMPECHE,4,CARMEN,3,"CIUDAD DEL CARMEN",15242,"<SIN INFORMACION...>",17904,,,,"<SIN INFORMACION...> , COLONIA <SIN INFORMACION...>, CIUDAD DEL CARMEN, CARMEN, CAMPECHE"
400763,289622,"OPERACIONES CON RECURSOS DE PROCEDENCIA ILÍCITA","OPERACIONES CON RECURSOS DE PROCEDENCIA ILÍCITA",3,2025-06-05,09:00:00,7,3,4.07,CAMPECHE,4,CARMEN,3,"CIUDAD DEL CARMEN",15242,"<SIN INFORMACION...>",17904,,,,"<SIN INFORMACION...> , COLONIA <SIN INFORMACION...>, CIUDAD DEL CARMEN, CARMEN, CAMPECHE"
400765,289624,"VIOLACION SIMPLE; AMENAZAS","VIOLACION SIMPLE",3,2025-06-05,09:00:00,7,3,3.08.01,CAMPECHE,4,CARMEN,3,"CIUDAD DEL CARMEN",15242,"<SIN INFORMACION...>",17904,,,,"<SIN INFORMACION...> , COLONIA <SIN INFORMACION...>, CIUDAD DEL CARMEN, CARMEN, CAMPECHE"
400765,289625,"VIOLACION SIMPLE; AMENAZAS",AMENAZAS,3,2025-06-05,09:00:00,7,3,7.02,CAMPECHE,4,CARMEN,3,"CIUDAD DEL CARMEN",15242,"<SIN INFORMACION...>",17904,,,,"<SIN INFORMACION...> , COLONIA <SIN INFORMACION...>, CIUDAD DEL CARMEN, CARMEN, CAMPECHE"
400773,289633,"LESIONES A TITULO CULPOSO","LESIONES A TITULO CULPOSO",3,2025-06-05,04:00:00,7,3,1.02.02,CAMPECHE,4,CARMEN,3,"CIUDAD DEL CARMEN",15242,AVIACION,17101,,,,"31-A , COLONIA AVIACION, CIUDAD DEL CARMEN, CARMEN, CAMPECHE"
400783,289643,"VIOLACION SIMPLE; CORRUPCIÓN DE MENORES O INCAPACES POR EMPLEAR A PERSONAS MENORES DE EDAD EN LUGARES O ESTABLECIMIENTOS DONDE SE EXPENDAN BEBIDAS ALCOHÓLICAS","VIOLACION SIMPLE",3,2025-06-06,13:12:00,7,3,3.08.01,CAMPECHE,4,CARMEN,3,"CIUDAD DEL CARMEN",15242,"COL. AEROPUERTO",17099,,,,"DEL AGUILA , COLONIA COL. AEROPUERTO, CIUDAD DEL CARMEN, CARMEN, CAMPECHE"
400783,289644,"VIOLACION SIMPLE; CORRUPCIÓN DE MENORES O INCAPACES POR EMPLEAR A PERSONAS MENORES DE EDAD EN LUGARES O ESTABLECIMIENTOS DONDE SE EXPENDAN BEBIDAS ALCOHÓLICAS","CORRUPCIÓN DE MENORES O INCAPACES POR EMPLEAR A PERSONAS MENORES DE EDAD EN LUGARES O ESTABLECIMIENTOS DONDE SE EXPENDAN BEBIDAS ALCOHÓLICAS",3,2025-06-06,13:12:00,7,3,6.01,CAMPECHE,4,CARMEN,3,"CIUDAD DEL CARMEN",15242,"COL. AEROPUERTO",17099,,,,"DEL AGUILA , COLONIA COL. AEROPUERTO, CIUDAD DEL CARMEN, CARMEN, CAMPECHE"
400786,289648,"ULTRAJES A LA AUTORIDAD","ULTRAJES A LA AUTORIDAD",3,2025-06-06,14:01:00,7,3,7.10,CAMPECHE,4,CARMEN,3,"CIUDAD DEL CARMEN",15242,AVIACION,17101,,,,"31-A , COLONIA AVIACION, CIUDAD DEL CARMEN, CARMEN, CAMPECHE"
400789,289650,"VIOLENCIA FAMILIAR","VIOLENCIA FAMILIAR",3,2025-06-06,14:16:00,7,3,5.01,CAMPECHE,4,CARMEN,3,"CIUDAD DEL CARMEN",15242,"BELISARIO DOMINGUEZ",17102,,,,"CANDELARIA , COLONIA BELISARIO DOMINGUEZ, CIUDAD DEL CARMEN, CARMEN, CAMPECHE"
400794,289655,"NARCOMENUDEO SIMPLE","NARCOMENUDEO SIMPLE",3,2025-06-06,17:31:00,7,3,7.01.01,CAMPECHE,4,CARMEN,3,"CIUDAD DEL CARMEN",15242,BIVALBO,17104,,,,"S/N , COLONIA BIVALBO, CIUDAD DEL CARMEN, CARMEN, CAMPECHE"
400797,289659,"ROBO CON VIOLENCIA","ROBO CON VIOLENCIA",3,2025-06-06,23:50:00,7,3,4.01.11,CAMPECHE,4,CARMEN,3,"CIUDAD DEL CARMEN",15242,"<SIN INFORMACION...>",17904,,,,"<SIN INFORMACION...> , COLONIA <SIN INFORMACION...>, CIUDAD DEL CARMEN, CARMEN, CAMPECHE"
400798,289660,"ULTRAJES A LA AUTORIDAD","ULTRAJES A LA AUTORIDAD",3,2025-06-07,01:00:00,7,3,7.10,CAMPECHE,4,CARMEN,3,"CIUDAD DEL CARMEN",15242,"<SIN INFORMACION...>",17904,,,,"<SIN INFORMACION...> No. S S , COLONIA <SIN INFORMACION...>, CIUDAD DEL CARMEN, CARMEN, CAMPECHE"
400799,289661,"DAÑOS EN PROPIEDAD AJENA A TITULO DOLOSO O INTENCIONAL","DAÑOS EN PROPIEDAD AJENA A TITULO DOLOSO O INTENCIONAL",3,2025-06-07,03:11:00,7,3,4.05,CAMPECHE,4,CARMEN,3,"CIUDAD DEL CARMEN",15242,"COL. AEROPUERTO",17099,,,,"LA GAVIOTA , COLONIA COL. AEROPUERTO, CIUDAD DEL CARMEN, CARMEN, CAMPECHE"
400801,289664,"DAÑOS EN PROPIEDAD AJENA A TITULO DOLOSO O INTENCIONAL","DAÑOS EN PROPIEDAD AJENA A TITULO DOLOSO O INTENCIONAL",3,2025-06-07,11:00:00,7,3,4.05,CAMPECHE,4,CARMEN,3,"CIUDAD DEL CARMEN",15242,"<SIN INFORMACION...>",17904,,,,"<SIN INFORMACION...> , COLONIA <SIN INFORMACION...>, CIUDAD DEL CARMEN, CARMEN, CAMPECHE"
400808,289673,"SUSTRACCION DE MENORES O INCAPACES","SUSTRACCION DE MENORES O INCAPACES",3,2025-06-08,11:00:00,7,3,2.06,CAMPECHE,4,CARMEN,3,"CIUDAD DEL CARMEN",15242,"<SIN INFORMACION...>",17904,,,,"<SIN INFORMACION...> , COLONIA <SIN INFORMACION...>, CIUDAD DEL CARMEN, CARMEN, CAMPECHE"
400810,289675,"ABUSO SEXUAL","ABUSO SEXUAL",3,2025-06-08,09:00:00,7,3,3.01,CAMPECHE,4,CARMEN,3,"CIUDAD DEL CARMEN",15242,"<SIN INFORMACION...>",17904,,,,"<SIN INFORMACION...> , COLONIA <SIN INFORMACION...>, CIUDAD DEL CARMEN, CARMEN, CAMPECHE"
400812,289677,"DAÑOS EN PROPIEDAD AJENA A TITULO DOLOSO O INTENCIONAL","DAÑOS EN PROPIEDAD AJENA A TITULO DOLOSO O INTENCIONAL",3,2025-06-08,08:00:00,7,3,4.05,CAMPECHE,4,CARMEN,3,"CIUDAD DEL CARMEN",15242,"<SIN INFORMACION...>",17904,,,,"<SIN INFORMACION...> , COLONIA <SIN INFORMACION...>, CIUDAD DEL CARMEN, CARMEN, CAMPECHE"
400818,289684,"OPERACIONES CON RECURSOS DE PROCEDENCIA ILÍCITA","OPERACIONES CON RECURSOS DE PROCEDENCIA ILÍCITA",3,2025-06-09,09:00:00,7,3,4.07,CAMPECHE,4,CARMEN,3,"CIUDAD DEL CARMEN",15242,AVIACION,17101,,,,"S/N , COLONIA AVIACION, CIUDAD DEL CARMEN, CARMEN, CAMPECHE"
400826,289692,"NARCOMENUDEO DE COMERCIO","NARCOMENUDEO DE COMERCIO",3,2025-06-09,01:00:00,7,3,7.01.01,CAMPECHE,4,CARMEN,3,"CIUDAD DEL CARMEN",15242,TACUBAYA,17171,,,,"50 , COLONIA TACUBAYA, CIUDAD DEL CARMEN, CARMEN, CAMPECHE"
400837,289704,"ROBO EN GRADO DE TENTATIVA","ROBO EN GRADO DE TENTATIVA",3,2025-06-09,19:26:00,7,3,4.07,CAMPECHE,4,CARMEN,3,"CIUDAD DEL CARMEN",15242,"BELISARIO DOMINGUEZ",17102,,,,"CARR. CARMEN PUERTO REAL , COLONIA BELISARIO DOMINGUEZ, CIUDAD DEL CARMEN, CARMEN, CAMPECHE"
400843,289710,"LESIONES EN RIÑA","LESIONES EN RIÑA",3,2025-06-09,01:00:00,7,3,1.02.01,CAMPECHE,4,CARMEN,3,"CIUDAD DEL CARMEN",15242,"<SIN INFORMACION...>",17904,,,,"<SIN INFORMACION...> No. S S , COLONIA <SIN INFORMACION...>, CIUDAD DEL CARMEN, CARMEN, CAMPECHE"
400844,289711,"ROBO A CASA HABITACION","ROBO A CASA HABITACION",3,2025-06-09,23:16:00,7,3,4.01.01,CAMPECHE,4,CARMEN,3,"CIUDAD DEL CARMEN",15242,"BENITO JUAREZ 1",17103,,,,"21 , COLONIA BENITO JUAREZ 1, CIUDAD DEL CARMEN, CARMEN, CAMPECHE"
400864,289733,"ULTRAJES A LA AUTORIDAD; AMENAZAS","ULTRAJES A LA AUTORIDAD",3,2025-06-11,11:00:00,7,3,7.10,CAMPECHE,4,CARMEN,3,"CIUDAD DEL CARMEN",15242,"20 DE NOVIEMBRE",17097,,,,"36-B , COLONIA 20 DE NOVIEMBRE, CIUDAD DEL CARMEN, CARMEN, CAMPECHE"
400864,289734,"ULTRAJES A LA AUTORIDAD; AMENAZAS",AMENAZAS,3,2025-06-11,11:00:00,7,3,7.02,CAMPECHE,4,CARMEN,3,"CIUDAD DEL CARMEN",15242,"20 DE NOVIEMBRE",17097,,,,"36-B , COLONIA 20 DE NOVIEMBRE, CIUDAD DEL CARMEN, CARMEN, CAMPECHE"
400870,289740,"OPERACIONES CON RECURSOS DE PROCEDENCIA ILÍCITA","OPERACIONES CON RECURSOS DE PROCEDENCIA ILÍCITA",3,2025-06-11,05:00:00,7,3,4.07,CAMPECHE,4,CARMEN,3,"CIUDAD DEL CARMEN",15242,"BENITO JUAREZ 1",17103,,,,"60-A , COLONIA BENITO JUAREZ 1, CIUDAD DEL CARMEN, CARMEN, CAMPECHE"
400871,289741,"ABUSO SEXUAL","ABUSO SEXUAL",3,2025-06-11,10:00:00,7,3,3.01,CAMPECHE,4,CARMEN,3,"CIUDAD DEL CARMEN",15242,"<SIN INFORMACION...>",17904,,,,"<SIN INFORMACION...> , COLONIA <SIN INFORMACION...>, CIUDAD DEL CARMEN, CARMEN, CAMPECHE"
400872,289742,"DELITOS QUE ATENTAN CONTRA EL CUMPLIMIENTO DE LA OBLIGACION ALIMENTARIA","DELITOS QUE ATENTAN CONTRA EL CUMPLIMIENTO DE LA OBLIGACION ALIMENTARIA",3,2025-06-11,09:00:00,7,3,5.03,CAMPECHE,4,CARMEN,3,"CIUDAD DEL CARMEN",15242,"<SIN INFORMACION...>",17904,,,,"<SIN INFORMACION...> , COLONIA <SIN INFORMACION...>, CIUDAD DEL CARMEN, CARMEN, CAMPECHE"
400877,289748,"FALSIFICACIÓN O ALTERACIÓN DE DOCUMENTOS PÚBLICOS O PRIVADOS","FALSIFICACIÓN O ALTERACIÓN DE DOCUMENTOS PÚBLICOS O PRIVADOS",3,2025-06-11,06:00:00,7,3,7.06,CAMPECHE,4,CARMEN,3,"CIUDAD DEL CARMEN",15242,ARCILA,17100,,,,"MARENTE , COLONIA ARCILA, CIUDAD DEL CARMEN, CARMEN, CAMPECHE"
400886,289757,"DAÑOS EN PROPIEDAD AJENA A TITULO CULPOSO O IMPRUDENCIAL","DAÑOS EN PROPIEDAD AJENA A TITULO CULPOSO O IMPRUDENCIAL",3,2025-06-12,01:00:00,7,3,4.05,CAMPECHE,4,CARMEN,3,"CIUDAD DEL CARMEN",15242,"<SIN INFORMACION...>",17904,,,,"<SIN INFORMACION...> , COLONIA <SIN INFORMACION...>, CIUDAD DEL CARMEN, CARMEN, CAMPECHE"
400889,289760,"OPERACIONES CON RECURSOS DE PROCEDENCIA ILÍCITA","OPERACIONES CON RECURSOS DE PROCEDENCIA ILÍCITA",3,2025-06-12,10:24:00,7,3,4.07,CAMPECHE,4,CARMEN,3,"CIUDAD DEL CARMEN",15242,"<SIN INFORMACION...>",17904,,,,"<SIN INFORMACION...> , COLONIA <SIN INFORMACION...>, CIUDAD DEL CARMEN, CARMEN, CAMPECHE"
400900,289775,"VIOLACION SIMPLE; AMENAZAS","VIOLACION SIMPLE",3,2025-06-12,20:57:00,7,3,3.08.01,CAMPECHE,4,CARMEN,3,"CIUDAD DEL CARMEN",15242,ARCILA,17100,,,,"CARR. CARMEN PUERTO REAL , COLONIA ARCILA, CIUDAD DEL CARMEN, CARMEN, CAMPECHE"
400900,289776,"VIOLACION SIMPLE; AMENAZAS",AMENAZAS,3,2025-06-12,20:57:00,7,3,7.02,CAMPECHE,4,CARMEN,3,"CIUDAD DEL CARMEN",15242,ARCILA,17100,,,,"CARR. CARMEN PUERTO REAL , COLONIA ARCILA, CIUDAD DEL CARMEN, CARMEN, CAMPECHE"
400901,289777,"HOMICIDIO A TITULO CULPOSO O IMPRUDENCIAL; DAÑOS EN PROPIEDAD AJENA A TITULO CULPOSO O IMPRUDENCIAL","HOMICIDIO A TITULO CULPOSO O IMPRUDENCIAL",3,2025-06-12,09:12:00,7,3,1.01.02,CAMPECHE,4,CARMEN,3,"CIUDAD DEL CARMEN",15242,"23 DE JULIO",17098,,,,"S/N No. 02 03 , COLONIA 23 DE JULIO, CIUDAD DEL CARMEN, CARMEN, CAMPECHE"
400901,289778,"HOMICIDIO A TITULO CULPOSO O IMPRUDENCIAL; DAÑOS EN PROPIEDAD AJENA A TITULO CULPOSO O IMPRUDENCIAL","DAÑOS EN PROPIEDAD AJENA A TITULO CULPOSO O IMPRUDENCIAL",3,2025-06-12,09:12:00,7,3,4.05,CAMPECHE,4,CARMEN,3,"CIUDAD DEL CARMEN",15242,"23 DE JULIO",17098,,,,"S/N No. 02 03 , COLONIA 23 DE JULIO, CIUDAD DEL CARMEN, CARMEN, CAMPECHE"
400903,289780,"ROBO A LUGAR CERRADO","ROBO A LUGAR CERRADO",3,2025-06-12,01:00:00,7,3,4.01.14,CAMPECHE,4,CARMEN,3,"CIUDAD DEL CARMEN",15242,"<SIN INFORMACION...>",17904,,,,"<SIN INFORMACION...> No. S S , COLONIA <SIN INFORMACION...>, CIUDAD DEL CARMEN, CARMEN, CAMPECHE"
400906,289784,"OPERACIONES CON RECURSOS DE PROCEDENCIA ILÍCITA","OPERACIONES CON RECURSOS DE PROCEDENCIA ILÍCITA",3,2025-06-13,03:13:00,7,3,4.07,CAMPECHE,4,CARMEN,3,"CIUDAD DEL CARMEN",15242,"<SIN INFORMACION...>",17904,,,,"<SIN INFORMACION...> , COLONIA <SIN INFORMACION...>, CIUDAD DEL CARMEN, CARMEN, CAMPECHE"
400913,289794,"NARCOMENUDEO SIMPLE","NARCOMENUDEO SIMPLE",3,2025-06-13,01:00:00,7,3,7.01.01,CAMPECHE,4,CARMEN,3,"CIUDAD DEL CARMEN",15242,"20 DE NOVIEMBRE",17097,,,,"36-B , COLONIA 20 DE NOVIEMBRE, CIUDAD DEL CARMEN, CARMEN, CAMPECHE"
400914,289795,"ABUSO SEXUAL; VIOLACION EQUIPARADA","ABUSO SEXUAL",3,2025-06-13,11:00:00,7,3,3.01,CAMPECHE,4,CARMEN,3,"CIUDAD DEL CARMEN",15242,"<SIN INFORMACION...>",17904,,,,"<SIN INFORMACION...> , COLONIA <SIN INFORMACION...>, CIUDAD DEL CARMEN, CARMEN, CAMPECHE"
400914,289796,"ABUSO SEXUAL; VIOLACION EQUIPARADA","VIOLACION EQUIPARADA",3,2025-06-13,11:00:00,7,3,3.08.02,CAMPECHE,4,CARMEN,3,"CIUDAD DEL CARMEN",15242,"<SIN INFORMACION...>",17904,,,,"<SIN INFORMACION...> , COLONIA <SIN INFORMACION...>, CIUDAD DEL CARMEN, CARMEN, CAMPECHE"
400915,289797,"ACOSO SEXUAL; HOSTIGAMIENTO SEXUAL; VIOLACION EN GRADO DE TENTATIVA","ACOSO SEXUAL",3,2025-06-13,11:00:00,7,3,3.02,CAMPECHE,4,CARMEN,3,"CIUDAD DEL CARMEN",15242,"<SIN INFORMACION...>",17904,,,,"<SIN INFORMACION...> , COLONIA <SIN INFORMACION...>, CIUDAD DEL CARMEN, CARMEN, CAMPECHE"
400915,289798,"ACOSO SEXUAL; HOSTIGAMIENTO SEXUAL; VIOLACION EN GRADO DE TENTATIVA","HOSTIGAMIENTO SEXUAL",3,2025-06-13,11:00:00,7,3,3.03,CAMPECHE,4,CARMEN,3,"CIUDAD DEL CARMEN",15242,"<SIN INFORMACION...>",17904,,,,"<SIN INFORMACION...> , COLONIA <SIN INFORMACION...>, CIUDAD DEL CARMEN, CARMEN, CAMPECHE"
400915,289799,"ACOSO SEXUAL; HOSTIGAMIENTO SEXUAL; VIOLACION EN GRADO DE TENTATIVA","VIOLACION EN GRADO DE TENTATIVA",3,2025-06-13,11:00:00,7,3,3.07,CAMPECHE,4,CARMEN,3,"CIUDAD DEL CARMEN",15242,"<SIN INFORMACION...>",17904,,,,"<SIN INFORMACION...> , COLONIA <SIN INFORMACION...>, CIUDAD DEL CARMEN, CARMEN, CAMPECHE"
400927,289814,"ROBO A CASA HABITACION","ROBO A CASA HABITACION",3,2025-06-14,01:00:00,7,3,4.01.01,CAMPECHE,4,CARMEN,3,"CIUDAD DEL CARMEN",15242,"20 DE NOVIEMBRE",17097,,,,"36-D , COLONIA 20 DE NOVIEMBRE, CIUDAD DEL CARMEN, CARMEN, CAMPECHE"
400931,289818,"OPERACIONES CON RECURSOS DE PROCEDENCIA ILÍCITA","OPERACIONES CON RECURSOS DE PROCEDENCIA ILÍCITA",3,2025-06-14,01:00:00,7,3,4.07,CAMPECHE,4,CARMEN,3,"CIUDAD DEL CARMEN",15242,"20 DE NOVIEMBRE",17097,,,,"15 , COLONIA 20 DE NOVIEMBRE, CIUDAD DEL CARMEN, CARMEN, CAMPECHE"
400954,289841,"ROBO CON VIOLENCIA","ROBO CON VIOLENCIA",3,2025-06-15,12:03:00,7,3,4.01.14,CAMPECHE,4,CARMEN,3,"CIUDAD DEL CARMEN",15242,"<SIN INFORMACION...>",17904,,,,"<SIN INFORMACION...> , COLONIA <SIN INFORMACION...>, CIUDAD DEL CARMEN, CARMEN, CAMPECHE"
400960,289848,"LESIONES DOLOSAS","LESIONES DOLOSAS",3,2025-06-15,21:25:00,7,3,1.02.01,CAMPECHE,4,CARMEN,3,"CIUDAD DEL CARMEN",15242,BUROCRATA,17105,,,,"52 , COLONIA BUROCRATA, CIUDAD DEL CARMEN, CARMEN, CAMPECHE"
400979,289869,"LESIONES CALIFICADAS; VIOLACION EQUIPARADA","LESIONES CALIFICADAS",3,2025-06-16,11:00:00,7,3,1.02.01,CAMPECHE,4,CARMEN,3,"CIUDAD DEL CARMEN",15242,"<SIN INFORMACION...>",17904,,,,"<SIN INFORMACION...> , COLONIA <SIN INFORMACION...>, CIUDAD DEL CARMEN, CARMEN, CAMPECHE"
400979,289870,"LESIONES CALIFICADAS; VIOLACION EQUIPARADA","VIOLACION EQUIPARADA",3,2025-06-16,11:00:00,7,3,3.08.02,CAMPECHE,4,CARMEN,3,"CIUDAD DEL CARMEN",15242,"<SIN INFORMACION...>",17904,,,,"<SIN INFORMACION...> , COLONIA <SIN INFORMACION...>, CIUDAD DEL CARMEN, CARMEN, CAMPECHE"
400983,289874,"SUSTRACCION DE MENORES O INCAPACES","SUSTRACCION DE MENORES O INCAPACES",3,2025-06-16,01:00:00,7,3,2.06,CAMPECHE,4,CARMEN,3,"CIUDAD DEL CARMEN",15242,"20 DE NOVIEMBRE",17097,,,,"15 , COLONIA 20 DE NOVIEMBRE, CIUDAD DEL CARMEN, CARMEN, CAMPECHE"
400989,289882,"LESIONES DOLOSAS","LESIONES DOLOSAS",3,2025-06-17,11:00:00,7,3,1.02.01,CAMPECHE,4,CARMEN,3,"CIUDAD DEL CARMEN",15242,"20 DE NOVIEMBRE",17097,,,,"15 No. 2 , COLONIA 20 DE NOVIEMBRE, CIUDAD DEL CARMEN, CARMEN, CAMPECHE"
400996,289888,"MANIFESTACION DE HECHOS","MANIFESTACION DE HECHOS",3,2025-06-17,09:00:00,7,3,7.01.01,CAMPECHE,4,CARMEN,3,"CIUDAD DEL CARMEN",15242,"<SIN INFORMACION...>",17904,,,,"<SIN INFORMACION...> , COLONIA <SIN INFORMACION...>, CIUDAD DEL CARMEN, CARMEN, CAMPECHE"
401002,289894,"FALSIFICACIÓN O ALTERACIÓN DE DOCUMENTOS PÚBLICOS O PRIVADOS","FALSIFICACIÓN O ALTERACIÓN DE DOCUMENTOS PÚBLICOS O PRIVADOS",3,2025-06-17,14:45:00,7,3,7.06,CAMPECHE,4,CARMEN,3,"CIUDAD DEL CARMEN",15242,"<SIN INFORMACION...>",17904,,,,"<SIN INFORMACION...> , COLONIA <SIN INFORMACION...>, CIUDAD DEL CARMEN, CARMEN, CAMPECHE"
401004,289896,"ABUSO SEXUAL","ABUSO SEXUAL",3,2025-06-17,00:00:00,7,3,3.01,CAMPECHE,4,CARMEN,3,"CIUDAD DEL CARMEN",15242,"<SIN INFORMACION...>",17904,,,,"<SIN INFORMACION...> , COLONIA <SIN INFORMACION...>, CIUDAD DEL CARMEN, CARMEN, CAMPECHE"
401005,289897,"ABUSO SEXUAL","ABUSO SEXUAL",3,2025-06-17,00:00:00,7,3,3.01,CAMPECHE,4,CARMEN,3,"CIUDAD DEL CARMEN",15242,"<SIN INFORMACION...>",17904,,,,"<SIN INFORMACION...> , COLONIA <SIN INFORMACION...>, CIUDAD DEL CARMEN, CARMEN, CAMPECHE"
401013,289905,"NARCOMENUDEO CON FINES DE COMERCIO","NARCOMENUDEO CON FINES DE COMERCIO",3,2025-06-18,07:00:00,7,3,7.01.02,CAMPECHE,4,CARMEN,3,"CIUDAD DEL CARMEN",15242,"<SIN INFORMACION...>",17904,,,,"<SIN INFORMACION...> , COLONIA <SIN INFORMACION...>, CIUDAD DEL CARMEN, CARMEN, CAMPECHE"
401028,289923,"FEMINICIDIO EN GRADO DE TENTATIVA","FEMINICIDIO EN GRADO DE TENTATIVA",3,2025-06-18,17:55:00,7,3,1.05,CAMPECHE,4,CARMEN,3,"CIUDAD DEL CARMEN",15242,"<SIN INFORMACION...>",17904,,,,"<SIN INFORMACION...> , COLONIA <SIN INFORMACION...>, CIUDAD DEL CARMEN, CARMEN, CAMPECHE"
401050,289946,"ABUSO SEXUAL","ABUSO SEXUAL",3,2025-06-19,11:00:00,7,3,3.01,CAMPECHE,4,CARMEN,3,"CIUDAD DEL CARMEN",15242,"<SIN INFORMACION...>",17904,,,,"<SIN INFORMACION...> , COLONIA <SIN INFORMACION...>, CIUDAD DEL CARMEN, CARMEN, CAMPECHE"
401055,289953,"VIOLENCIA FAMILIAR","VIOLENCIA FAMILIAR",3,2025-06-19,11:00:00,7,3,5.01,CAMPECHE,4,CARMEN,3,"CIUDAD DEL CARMEN",15242,"<SIN INFORMACION...>",17904,,,,"<SIN INFORMACION...> , COLONIA <SIN INFORMACION...>, CIUDAD DEL CARMEN, CARMEN, CAMPECHE"
401062,289960,"MANIFESTACION DE HECHOS","MANIFESTACION DE HECHOS",3,2025-06-20,02:00:00,7,3,5.01,CAMPECHE,4,CARMEN,3,"CIUDAD DEL CARMEN",15242,"COL. AEROPUERTO",17099,,,,"VENECIA , COLONIA COL. AEROPUERTO, CIUDAD DEL CARMEN, CARMEN, CAMPECHE"
401072,289974,"ROBO SIMPLE","ROBO SIMPLE",3,2025-06-20,16:12:00,7,3,4.01.14,CAMPECHE,4,CARMEN,3,"CIUDAD DEL CARMEN",15242,"BELISARIO DOMINGUEZ",17102,,,,"CAMPECHE , COLONIA BELISARIO DOMINGUEZ, CIUDAD DEL CARMEN, CARMEN, CAMPECHE"
401076,289978,"ROBO EN GRADO DE TENTATIVA","ROBO EN GRADO DE TENTATIVA",3,2025-06-20,00:00:00,7,3,4.07,CAMPECHE,4,CARMEN,3,"CIUDAD DEL CARMEN",15242,ARCILA,17100,,,,"PALIZADA , COLONIA ARCILA, CIUDAD DEL CARMEN, CARMEN, CAMPECHE"
401080,289982,"DELITOS QUE ATENTAN CONTRA EL CUMPLIMIENTO DE LA OBLIGACION ALIMENTARIA","DELITOS QUE ATENTAN CONTRA EL CUMPLIMIENTO DE LA OBLIGACION ALIMENTARIA",3,2025-06-21,00:00:00,7,3,5.03,CAMPECHE,4,CARMEN,3,"CIUDAD DEL CARMEN",15242,"<SIN INFORMACION...>",17904,,,,"<SIN INFORMACION...> , COLONIA <SIN INFORMACION...>, CIUDAD DEL CARMEN, CARMEN, CAMPECHE"
401084,289986,"VIOLACIÓN EQUIPARADA EN CONTRA DE MENORES E INCAPACES","VIOLACIÓN EQUIPARADA EN CONTRA DE MENORES E INCAPACES",3,2025-06-21,00:00:00,7,3,3.08.02,CAMPECHE,4,CARMEN,3,"CIUDAD DEL CARMEN",15242,"<SIN INFORMACION...>",17904,,,,"<SIN INFORMACION...> , COLONIA <SIN INFORMACION...>, CIUDAD DEL CARMEN, CARMEN, CAMPECHE"
401092,289995,NARCOMENUDEO,NARCOMENUDEO,3,2025-06-21,00:00:00,7,3,7.01.01,CAMPECHE,4,CARMEN,3,"CIUDAD DEL CARMEN",15242,"<SIN INFORMACION...>",17904,,,,"<SIN INFORMACION...> , COLONIA <SIN INFORMACION...>, CIUDAD DEL CARMEN, CARMEN, CAMPECHE"
401096,289999,"DAÑOS EN PROPIEDAD AJENA A TITULO CULPOSO O IMPRUDENCIAL","DAÑOS EN PROPIEDAD AJENA A TITULO CULPOSO O IMPRUDENCIAL",3,2025-06-22,02:50:00,7,3,4.05,CAMPECHE,4,CARMEN,3,"CIUDAD DEL CARMEN",15242,"<SIN INFORMACION...>",17904,,,,"<SIN INFORMACION...> , COLONIA <SIN INFORMACION...>, CIUDAD DEL CARMEN, CARMEN, CAMPECHE"
401104,290008,"DELITOS QUE ATENTAN CONTRA EL CUMPLIMIENTO DE LA OBLIGACION ALIMENTARIA","DELITOS QUE ATENTAN CONTRA EL CUMPLIMIENTO DE LA OBLIGACION ALIMENTARIA",3,2025-06-22,11:00:00,7,3,5.03,CAMPECHE,4,CARMEN,3,"CIUDAD DEL CARMEN",15242,"<SIN INFORMACION...>",17904,,,,"<SIN INFORMACION...> , COLONIA <SIN INFORMACION...>, CIUDAD DEL CARMEN, CARMEN, CAMPECHE"
401107,290011,"FEMINICIDIO EN GRADO DE TENTATIVA","FEMINICIDIO EN GRADO DE TENTATIVA",3,2025-06-22,01:00:00,7,3,1.05,CAMPECHE,4,CARMEN,3,"CIUDAD DEL CARMEN",15242,"20 DE NOVIEMBRE",17097,,,,"S/N , COLONIA 20 DE NOVIEMBRE, CIUDAD DEL CARMEN, CARMEN, CAMPECHE"
401111,290016,"OPERACIONES CON RECURSOS DE PROCEDENCIA ILÍCITA","OPERACIONES CON RECURSOS DE PROCEDENCIA ILÍCITA",3,2025-06-23,11:00:00,7,3,4.07,CAMPECHE,4,CARMEN,3,"CIUDAD DEL CARMEN",15242,"23 DE JULIO",17098,,,,"S/N , COLONIA 23 DE JULIO, CIUDAD DEL CARMEN, CARMEN, CAMPECHE"
401124,290029,"VIOLENCIA FAMILIAR","VIOLENCIA FAMILIAR",3,2025-06-23,01:00:00,7,3,5.01,CAMPECHE,4,CARMEN,3,"CIUDAD DEL CARMEN",15242,BUROCRATA,17105,,,,"52 , COLONIA BUROCRATA, CIUDAD DEL CARMEN, CARMEN, CAMPECHE"
401125,290030,"FRAUDE GENERICO","FRAUDE GENERICO",3,2025-06-23,04:00:00,7,3,4.02,CAMPECHE,4,CARMEN,3,"CIUDAD DEL CARMEN",15242,AVIACION,17101,,,,"31-A , COLONIA AVIACION, CIUDAD DEL CARMEN, CARMEN, CAMPECHE"
401135,290044,"LESIONES DOLOSAS","LESIONES DOLOSAS",3,2025-06-23,04:00:00,7,3,1.02.01,CAMPECHE,4,CARMEN,3,"CIUDAD DEL CARMEN",15242,AVIACION,17101,,,,"31 , COLONIA AVIACION, CIUDAD DEL CARMEN, CARMEN, CAMPECHE"
401154,290065,"ROBO EN GRADO DE TENTATIVA A CASA HABITACION","ROBO EN GRADO DE TENTATIVA A CASA HABITACION",3,2025-06-24,01:00:00,7,3,4.07,CAMPECHE,4,CARMEN,3,"CIUDAD DEL CARMEN",15242,"<SIN INFORMACION...>",17904,,,,"<SIN INFORMACION...> No. S S , COLONIA <SIN INFORMACION...>, CIUDAD DEL CARMEN, CARMEN, CAMPECHE"
401158,290070,"OPERACIONES CON RECURSOS DE PROCEDENCIA ILÍCITA","OPERACIONES CON RECURSOS DE PROCEDENCIA ILÍCITA",3,2025-06-24,10:00:00,7,3,4.07,CAMPECHE,4,CARMEN,3,"CIUDAD DEL CARMEN",15242,"<SIN INFORMACION...>",17904,,,,"<SIN INFORMACION...> No. 00 00 , COLONIA <SIN INFORMACION...>, CIUDAD DEL CARMEN, CARMEN, CAMPECHE"
401162,290074,"ULTRAJES A LA AUTORIDAD","ULTRAJES A LA AUTORIDAD",3,2025-06-25,10:00:00,7,3,7.10,CAMPECHE,4,CARMEN,3,"CIUDAD DEL CARMEN",15242,"<SIN INFORMACION...>",17904,,,,"<SIN INFORMACION...> No. S/N S/N , COLONIA <SIN INFORMACION...>, CIUDAD DEL CARMEN, CARMEN, CAMPECHE"
401171,290092,"ROBO CON VIOLENCIA","ROBO CON VIOLENCIA",3,2025-06-25,14:34:09,7,3,4.01.05,CAMPECHE,4,CARMEN,3,"CIUDAD DEL CARMEN",15242,"<SIN INFORMACION...>",17904,,,,"<SIN INFORMACION...> , COLONIA <SIN INFORMACION...>, CIUDAD DEL CARMEN, CARMEN, CAMPECHE"
401172,290093,"ABUSO DE CONFIANZA","ABUSO DE CONFIANZA",3,2025-06-25,11:00:00,7,3,4.03,CAMPECHE,4,CARMEN,3,"CIUDAD DEL CARMEN",15242,"<SIN INFORMACION...>",17904,,,,"<SIN INFORMACION...> , COLONIA <SIN INFORMACION...>, CIUDAD DEL CARMEN, CARMEN, CAMPECHE"
401176,290100,"VIOLACION EQUIPARADA","VIOLACION EQUIPARADA",3,2025-06-25,11:00:00,7,3,3.08.02,CAMPECHE,4,CARMEN,3,"CIUDAD DEL CARMEN",15242,"COL. AEROPUERTO",17099,,,,"DEL AGUILA , COLONIA COL. AEROPUERTO, CIUDAD DEL CARMEN, CARMEN, CAMPECHE"
401181,290107,"VIOLACION SIMPLE","VIOLACION SIMPLE",3,2025-06-26,11:00:00,7,3,3.08.01,CAMPECHE,4,CARMEN,3,"CIUDAD DEL CARMEN",15242,ARCILA,17100,,,,"CARR. CARMEN PUERTO REAL , COLONIA ARCILA, CIUDAD DEL CARMEN, CARMEN, CAMPECHE"
401187,290114,"ROBO EN GRADO DE TENTATIVA","ROBO EN GRADO DE TENTATIVA",3,2025-06-26,00:00:00,7,3,4.07,CAMPECHE,4,CARMEN,3,"CIUDAD DEL CARMEN",15242,"<SIN INFORMACION...>",17904,,,,"<SIN INFORMACION...> , COLONIA <SIN INFORMACION...>, CIUDAD DEL CARMEN, CARMEN, CAMPECHE"
401198,290128,"ROBO CON VIOLENCIA","ROBO CON VIOLENCIA",3,2025-06-27,00:00:00,7,3,4.01.11,CAMPECHE,4,CARMEN,3,"CIUDAD DEL CARMEN",15242,"COL. AEROPUERTO",17099,,,,"VENECIA , COLONIA COL. AEROPUERTO, CIUDAD DEL CARMEN, CARMEN, CAMPECHE"
401206,290137,"LESIONES CALIFICADAS","LESIONES CALIFICADAS",3,2025-06-27,13:20:00,7,3,1.02.01,CAMPECHE,4,CARMEN,3,"CIUDAD DEL CARMEN",15242,"<SIN INFORMACION...>",17904,,,,"<SIN INFORMACION...> , COLONIA <SIN INFORMACION...>, CIUDAD DEL CARMEN, CARMEN, CAMPECHE"
401209,290140,"MANIFESTACION DE HECHOS","MANIFESTACION DE HECHOS",3,2025-06-27,15:23:00,7,3,5.01,CAMPECHE,4,CARMEN,3,"CIUDAD DEL CARMEN",15242,"<SIN INFORMACION...>",17904,,,,"<SIN INFORMACION...> , COLONIA <SIN INFORMACION...>, CIUDAD DEL CARMEN, CARMEN, CAMPECHE"
401224,290157,"ROBO A LUGAR CERRADO","ROBO A LUGAR CERRADO",3,2025-06-28,01:36:00,7,3,4.01.14,CAMPECHE,4,CARMEN,3,"CIUDAD DEL CARMEN",15242,"<SIN INFORMACION...>",17904,,,,"<SIN INFORMACION...> , COLONIA <SIN INFORMACION...>, CIUDAD DEL CARMEN, CARMEN, CAMPECHE"
401235,290170,"VIOLENCIA FAMILIAR","VIOLENCIA FAMILIAR",3,2025-06-28,11:00:00,7,3,5.01,CAMPECHE,4,CARMEN,3,"CIUDAD DEL CARMEN",15242,"<SIN INFORMACION...>",17904,,,,"<SIN INFORMACION...> , COLONIA <SIN INFORMACION...>, CIUDAD DEL CARMEN, CARMEN, CAMPECHE"
401238,290174,"DAÑOS EN PROPIEDAD AJENA A TITULO CULPOSO O IMPRUDENCIAL; LESIONES A TITULO CULPOSO","DAÑOS EN PROPIEDAD AJENA A TITULO CULPOSO O IMPRUDENCIAL",3,2025-06-28,01:00:00,7,3,4.05,CAMPECHE,4,CARMEN,3,"CIUDAD DEL CARMEN",15242,"20 DE NOVIEMBRE",17097,,,,"15 , COLONIA 20 DE NOVIEMBRE, CIUDAD DEL CARMEN, CARMEN, CAMPECHE"
401238,290175,"DAÑOS EN PROPIEDAD AJENA A TITULO CULPOSO O IMPRUDENCIAL; LESIONES A TITULO CULPOSO","LESIONES A TITULO CULPOSO",3,2025-06-28,01:00:00,7,3,1.02.02,CAMPECHE,4,CARMEN,3,"CIUDAD DEL CARMEN",15242,"20 DE NOVIEMBRE",17097,,,,"15 , COLONIA 20 DE NOVIEMBRE, CIUDAD DEL CARMEN, CARMEN, CAMPECHE"
401239,290176,"DAÑOS EN PROPIEDAD AJENA A TITULO CULPOSO O IMPRUDENCIAL","DAÑOS EN PROPIEDAD AJENA A TITULO CULPOSO O IMPRUDENCIAL",3,2025-06-29,11:00:00,7,3,4.05,CAMPECHE,4,CARMEN,3,"CIUDAD DEL CARMEN",15242,"<SIN INFORMACION...>",17904,,,,"<SIN INFORMACION...> , COLONIA <SIN INFORMACION...>, CIUDAD DEL CARMEN, CARMEN, CAMPECHE"
401243,290180,"DAÑOS EN PROPIEDAD AJENA A TITULO CULPOSO O IMPRUDENCIAL","DAÑOS EN PROPIEDAD AJENA A TITULO CULPOSO O IMPRUDENCIAL",3,2025-06-29,09:00:00,7,3,4.05,CAMPECHE,4,CARMEN,3,"CIUDAD DEL CARMEN",15242,AVIACION,17101,,,,"31-B , COLONIA AVIACION, CIUDAD DEL CARMEN, CARMEN, CAMPECHE"
401244,290181,"LESIONES CALIFICADAS","LESIONES CALIFICADAS",3,2025-06-29,00:00:00,7,3,1.02.01,CAMPECHE,4,CARMEN,3,"CIUDAD DEL CARMEN",15242,"<SIN INFORMACION...>",17904,,,,"<SIN INFORMACION...> , COLONIA <SIN INFORMACION...>, CIUDAD DEL CARMEN, CARMEN, CAMPECHE"
401252,290191,"ROBO CON VIOLENCIA","ROBO CON VIOLENCIA",3,2025-06-30,09:40:00,7,3,4.01.05,CAMPECHE,4,CARMEN,3,"CIUDAD DEL CARMEN",15242,"<SIN INFORMACION...>",17904,,,,"<SIN INFORMACION...> , COLONIA <SIN INFORMACION...>, CIUDAD DEL CARMEN, CARMEN, CAMPECHE"
401267,290209,"LESIONES DOLOSAS","LESIONES DOLOSAS",3,2025-06-30,22:37:00,7,3,1.02.01,CAMPECHE,4,CARMEN,3,"CIUDAD DEL CARMEN",15242,"<SIN INFORMACION...>",17904,,,,"<SIN INFORMACION...> , COLONIA <SIN INFORMACION...>, CIUDAD DEL CARMEN, CARMEN, CAMPECHE"
401269,290211,"ALLANAMIENTO DE MORADA; LESIONES DOLOSAS","ALLANAMIENTO DE MORADA",3,2025-06-30,23:57:00,7,3,7.03,CAMPECHE,4,CARMEN,3,"CIUDAD DEL CARMEN",15242,AVIACION,17101,,,,"31-A , COLONIA AVIACION, CIUDAD DEL CARMEN, CARMEN, CAMPECHE"
401269,290212,"ALLANAMIENTO DE MORADA; LESIONES DOLOSAS","LESIONES DOLOSAS",3,2025-06-30,23:57:00,7,3,1.02.01,CAMPECHE,4,CARMEN,3,"CIUDAD DEL CARMEN",15242,AVIACION,17101,,,,"31-A , COLONIA AVIACION, CIUDAD DEL CARMEN, CARMEN, CAMPECHE"
45788,44220,"VIOLACION EQUIPARADA","VIOLACION EQUIPARADA",3,2025-06-05,12:23:00,7,3,3.08.02,CAMPECHE,4,CHAMPOTON,4,CHAMPOTON,16831,"<SIN INFORMACION...>",19494,,,,"<SIN INFORMACION...> , COLONIA <SIN INFORMACION...>, CHAMPOTON, CHAMPOTON, CAMPECHE"
45958,44397,"VIOLACION EQUIPARADA","VIOLACION EQUIPARADA",3,2025-06-26,01:00:00,7,3,3.08.02,CAMPECHE,4,CHAMPOTON,4,CHAMPOTON,16831,CHAMPOTON,9999,,,,"CHAMPOTON "
45972,44412,"LESIONES DOLOSAS; DAÃ‘OS EN PROPIEDAD AJENA A TITULO DOLOSO O INTENCIONAL","LESIONES DOLOSAS",3,2025-06-29,11:00:00,7,3,1.02.01,CAMPECHE,4,CHAMPOTON,4,CHAMPOTON,16831,CHAMPOTON,9999,,,,"CHAMPOTON , COLONIA CHAMPOTON, CHAMPOTON, CHAMPOTON, CAMPECHE"
45899,44333,"DAÃ‘OS EN PROPIEDAD AJENA A TITULO CULPOSO O IMPRUDENCIAL; LESIONES A TITULO CULPOSO","LESIONES A TITULO CULPOSO",3,2025-06-17,07:00:00,7,3,1.02.02,CAMPECHE,4,CHAMPOTON,4,CHAMPOTON,16831,CHAMPOTON,9999,,,,"CHAMPOTON , COLONIA CHAMPOTON, CHAMPOTON, CHAMPOTON, CAMPECHE"
45920,44356,"AMENAZAS; LESIONES CALIFICADAS","LESIONES CALIFICADAS",3,2025-06-21,07:00:00,7,3,1.02.01,CAMPECHE,4,CHAMPOTON,4,CHAMPOTON,16831,CHAMPOTON,9999,,,," CHAMPOTON, CAMPECHE"
45872,44321,"SUSTRACCION DE MENORES O INCAPACES; AMENAZAS","SUSTRACCION DE MENORES O INCAPACES; AMENAZAS",3,2025-06-15,01:00:00,7,3,2.06,CAMPECHE,4,CHAMPOTON,4,CHAMPOTON,16831,CHAMPOTON,9999,,,,"CHAMPOTON "
45952,44391,"DESPOJO; ROBO SIMPLE; AMENAZAS","ROBO SIMPLE",3,2025-06-25,11:00:00,7,3,4.01.14,CAMPECHE,4,CHAMPOTON,4,CHAMPOTON,16831,CHAMPOTON,9999,,,,"CHAMPOTON , COLONIA CHAMPOTON, CHAMPOTON, CHAMPOTON, CAMPECHE"
45818,44250,AMENAZAS,AMENAZAS,3,2025-06-10,11:00:00,7,3,7.02,CAMPECHE,4,CHAMPOTON,4,CHAMPOTON,16831,CHAMPOTON,9999,,,,"CHAMPOTON , COLONIA CHAMPOTON, CHAMPOTON, CHAMPOTON, CAMPECHE"
45765,44197,"ALLANAMIENTO DE MORADA; AMENAZAS","ALLANAMIENTO DE MORADA",3,2025-06-01,11:00:00,7,3,7.03,CAMPECHE,4,CHAMPOTON,4,CHAMPOTON,16831,CHAMPOTON,9999,,,,"CHAMPOTON , COLONIA CHAMPOTON, CHAMPOTON, CHAMPOTON, CAMPECHE"
45859,44290,"LESIONES A TITULO CULPOSO","LESIONES A TITULO CULPOSO",3,2025-06-14,11:00:00,7,3,1.02.02,CAMPECHE,4,CHAMPOTON,4,CHAMPOTON,16831,CHAMPOTON,9999,,,,"CHAMPOTON "
45899,44334,"DAÃ‘OS EN PROPIEDAD AJENA A TITULO CULPOSO O IMPRUDENCIAL; LESIONES A TITULO CULPOSO","LESIONES A TITULO CULPOSO",3,2025-06-17,07:00:00,7,3,1.02.02,CAMPECHE,4,CHAMPOTON,4,CHAMPOTON,16831,CHAMPOTON,9999,,,,"CHAMPOTON , COLONIA CHAMPOTON, CHAMPOTON, CHAMPOTON, CAMPECHE"
45906,44340,"ROBO A CASA HABITACION","ROBO A CASA HABITACION",3,2025-06-18,11:00:00,7,3,4.01.01,CAMPECHE,4,CHAMPOTON,4,CHAMPOTON,16831,CHAMPOTON,9999,,,,"CHAMPOTON , COLONIA CHAMPOTON, CHAMPOTON, CHAMPOTON, CAMPECHE"
45852,44283,"ROBO A LUGAR CERRADO","ROBO A LUGAR CERRADO",3,2025-06-13,11:00:00,7,3,4.01.14,CAMPECHE,4,CHAMPOTON,4,CHAMPOTON,16831,CHAMPOTON,9999,,,,"CHAMPOTON , COLONIA CHAMPOTON, CHAMPOTON, CHAMPOTON, CAMPECHE"
45977,44418,"ROBO A COMERCIO","ROBO A COMERCIO",3,2025-06-30,02:04:00,7,3,4.01.11,CAMPECHE,4,CHAMPOTON,4,CHAMPOTON,16831,"<SIN INFORMACION...>",19494,,,,"<SIN INFORMACION...> , COLONIA <SIN INFORMACION...>, CHAMPOTON, CHAMPOTON, CAMPECHE"
45799,44230,"ABUSO SEXUAL","ABUSO SEXUAL",3,2025-06-06,05:00:00,7,3,3.01,CAMPECHE,4,CHAMPOTON,4,CHAMPOTON,16831,CHAMPOTON,9999,,,,"CHAMPOTON , COLONIA CHAMPOTON, CHAMPOTON, CHAMPOTON, CAMPECHE"
45806,44237,"ABUSO SEXUAL","ABUSO SEXUAL",3,2025-06-08,05:00:00,7,3,3.01,CAMPECHE,4,CHAMPOTON,4,CHAMPOTON,16831,CHAMPOTON,9999,,,,", CHAMPOTON, CAMPECHE"
45931,44368,"VIOLACION A LA INTIMIDAD PERSONAL","VIOLACION A LA INTIMIDAD PERSONAL",3,2025-06-23,10:09:00,7,3,7.10,CAMPECHE,4,CHAMPOTON,4,CHAMPOTON,16831,CHAMPOTON,9999,,,,"CALLE SIN NOMBRE S/N LOCALIDAD SAN PABLO PIXTUN CHAMPOTON CAMPECHE "
45960,44399,"VIOLENCIA FAMILIAR","VIOLENCIA FAMILIAR",3,2025-06-27,01:00:00,7,3,5.01,CAMPECHE,4,CHAMPOTON,4,CHAMPOTON,16831,CHAMPOTON,9999,,,,"CHAMPOTON "
45882,44315,"VIOLENCIA FAMILIAR","VIOLENCIA FAMILIAR",3,2025-06-16,01:00:00,7,3,5.01,CAMPECHE,4,CHAMPOTON,4,CHAMPOTON,16831,CHAMPOTON,9999,,,,"CHAMPOTON , COLONIA CHAMPOTON, CHAMPOTON, CHAMPOTON, CAMPECHE"
45866,44297,"VIOLENCIA FAMILIAR","VIOLENCIA FAMILIAR",3,2025-06-15,11:00:00,7,3,5.01,CAMPECHE,4,CHAMPOTON,4,CHAMPOTON,16831,CHAMPOTON,9999,,,,"CHAMPOTON "
45867,44298,"VIOLENCIA FAMILIAR","VIOLENCIA FAMILIAR",3,2025-06-15,11:00:00,7,3,5.01,CAMPECHE,4,CHAMPOTON,4,CHAMPOTON,16831,CHAMPOTON,9999,,,,"CHAMPOTON "
45813,44244,"VIOLENCIA FAMILIAR","VIOLENCIA FAMILIAR",3,2025-06-09,01:21:00,7,3,5.01,CAMPECHE,4,CHAMPOTON,4,CHAMPOTON,16831,"<SIN INFORMACION...>",19494,,,,"<SIN INFORMACION...> , COLONIA <SIN INFORMACION...>, CHAMPOTON, CHAMPOTON, CAMPECHE"
45802,44233,"VIOLENCIA FAMILIAR","VIOLENCIA FAMILIAR",3,2025-06-06,11:00:00,7,3,5.01,CAMPECHE,4,CHAMPOTON,4,CHAMPOTON,16831,"<SIN INFORMACION...>",19494,,,,"<SIN INFORMACION...> No. SN SN , COLONIA <SIN INFORMACION...>, CHAMPOTON, CHAMPOTON, CAMPECHE"
45804,44235,"VIOLENCIA FAMILIAR","VIOLENCIA FAMILIAR",3,2025-06-06,08:00:00,7,3,5.01,CAMPECHE,4,CHAMPOTON,4,CHAMPOTON,16831,CHAMPOTON,9999,,,,"CHAMPOTON, CAMPECHE"
45769,44201,"VIOLENCIA FAMILIAR","VIOLENCIA FAMILIAR",3,2025-06-02,11:54:00,7,3,5.01,CAMPECHE,4,CHAMPOTON,4,CHAMPOTON,16831,"<SIN INFORMACION...>",19494,,,,"<SIN INFORMACION...> , COLONIA <SIN INFORMACION...>, CHAMPOTON, CHAMPOTON, CAMPECHE"
45777,44209,"VIOLENCIA FAMILIAR","VIOLENCIA FAMILIAR",3,2025-06-03,14:00:00,7,3,5.01,CAMPECHE,4,CHAMPOTON,4,CHAMPOTON,16831,"<SIN INFORMACION...>",19494,,,,"<SIN INFORMACION...> , COLONIA <SIN INFORMACION...>, CHAMPOTON, CHAMPOTON, CAMPECHE"
45762,44193,"VIOLENCIA FAMILIAR","VIOLENCIA FAMILIAR",3,2025-06-01,01:00:00,7,3,5.01,CAMPECHE,4,CHAMPOTON,4,CHAMPOTON,16831,CHAMPOTON,9999,,,,"CHAMPOTON "
45763,44194,"VIOLENCIA FAMILIAR","VIOLENCIA FAMILIAR",3,2025-06-01,01:00:00,7,3,5.01,CAMPECHE,4,CHAMPOTON,4,CHAMPOTON,16831,CHAMPOTON,9999,,,,"CHAMPOTON "
45783,44215,"VIOLENCIA FAMILIAR","VIOLENCIA FAMILIAR",3,2025-06-04,09:53:00,7,3,5.01,CAMPECHE,4,CHAMPOTON,4,CHAMPOTON,16831,CHAMPOTON,9999,,,,"CALLE 23 X 28 Y 30 S/N COLONIA CENTRO CHAMPOTON, CAMPECHE "
45784,44216,"VIOLENCIA FAMILIAR","VIOLENCIA FAMILIAR",3,2025-06-04,11:00:00,7,3,5.01,CAMPECHE,4,CHAMPOTON,4,CHAMPOTON,16831,CHAMPOTON,9999,,,,"CHAMPOTON "
45853,44284,"VIOLENCIA FAMILIAR","VIOLENCIA FAMILIAR",3,2025-06-13,11:00:00,7,3,5.01,CAMPECHE,4,CHAMPOTON,4,CHAMPOTON,16831,CHAMPOTON,9999,,,,"CHAMPOTON "
45855,44286,"VIOLENCIA FAMILIAR","VIOLENCIA FAMILIAR",3,2025-06-14,01:00:00,7,3,5.01,CAMPECHE,4,CHAMPOTON,4,CHAMPOTON,16831,CHAMPOTON,9999,,,,"CHAMPOTON "
45851,44282,"VIOLENCIA FAMILIAR","VIOLENCIA FAMILIAR",3,2025-06-13,12:47:00,7,3,5.01,CAMPECHE,4,CHAMPOTON,4,CHAMPOTON,16831,"<SIN INFORMACION...>",19494,,,,"<SIN INFORMACION...> , COLONIA <SIN INFORMACION...>, CHAMPOTON, CHAMPOTON, CAMPECHE"
45820,44252,"VIOLENCIA FAMILIAR","VIOLENCIA FAMILIAR",3,2025-06-10,09:41:00,7,3,5.01,CAMPECHE,4,CHAMPOTON,4,CHAMPOTON,16831,CHAMPOTON,9999,,,,"CALLE SIN NOMBRE S/N LOCALIDAD CINCO DE FEBRERO CHAMPOTOM, CAMPECHE "
45790,44222,"VIOLENCIA FAMILIAR","VIOLENCIA FAMILIAR",3,2025-06-05,14:43:00,7,3,5.01,CAMPECHE,4,CHAMPOTON,4,CHAMPOTON,16831,"<SIN INFORMACION...>",19494,,,,"<SIN INFORMACION...> , COLONIA <SIN INFORMACION...>, CHAMPOTON, CHAMPOTON, CAMPECHE"
45798,44229,"VIOLENCIA FAMILIAR","VIOLENCIA FAMILIAR",3,2025-06-06,14:52:00,7,3,5.01,CAMPECHE,4,CHAMPOTON,4,CHAMPOTON,16831,"<SIN INFORMACION...>",19494,,,,"<SIN INFORMACION...> , COLONIA <SIN INFORMACION...>, CHAMPOTON, CHAMPOTON, CAMPECHE"
45841,44273,"VIOLENCIA FAMILIAR","VIOLENCIA FAMILIAR",3,2025-06-12,10:30:00,7,3,5.01,CAMPECHE,4,CHAMPOTON,4,CHAMPOTON,16831,CHAMPOTON,9999,,,,"CALLE SIN NOMBRE S/N LOCALIDAD XBACAB CHAMPOTON, CAMPECHE_x000D_
"
45930,44367,"VIOLENCIA FAMILIAR","VIOLENCIA FAMILIAR",3,2025-06-23,09:50:00,7,3,5.01,CAMPECHE,4,CHAMPOTON,4,CHAMPOTON,16831,CHAMPOTON,9999,,,,"AV PROLONGACION MZA 4 LTE4 COLONIA ESTEBAN CORZO BLANCO PALENQUE, CHIS"
45872,44304,AMENAZAS,AMENAZAS,3,2025-06-15,01:00:00,7,3,7.02,CAMPECHE,4,CHAMPOTON,4,CHAMPOTON,16831,CHAMPOTON,9999,,,,"CHAMPOTON "
45863,44294,CALUMNIA,CALUMNIA,3,2025-06-14,11:00:00,7,3,7.10,CAMPECHE,4,CHAMPOTON,4,CHAMPOTON,16831,CHAMPOTON,9999,,,,"CHAMPOTON "
45833,44265,"DAÃ‘OS EN PROPIEDAD AJENA EN SU MODALIDAD DE INCENDIOS","DAÃ‘OS EN PROPIEDAD AJENA EN SU MODALIDAD DE INCENDIOS",3,2025-06-11,11:00:00,7,3,4.05,CAMPECHE,4,CHAMPOTON,4,CHAMPOTON,16831,CHAMPOTON,9999,,,,"CHAMPOTON "
45952,44389,"DESPOJO; ROBO SIMPLE; AMENAZAS",DESPOJO,3,2025-06-25,11:00:00,7,3,4.06,CAMPECHE,4,CHAMPOTON,4,CHAMPOTON,16831,CHAMPOTON,9999,,,,"CHAMPOTON , COLONIA CHAMPOTON, CHAMPOTON, CHAMPOTON, CAMPECHE"
45929,44366,"DELITOS EN CONTRA DE LOS ANIMALES","DELITOS EN CONTRA DE LOS ANIMALES",3,2025-06-22,23:51:00,7,3,7.10,CAMPECHE,4,CHAMPOTON,4,CHAMPOTON,16831,"<SIN INFORMACION...>",19494,,,,"<SIN INFORMACION...> , COLONIA <SIN INFORMACION...>, CHAMPOTON, CHAMPOTON, CAMPECHE"
45884,44317,"DELITOS EN CONTRA DE LOS ANIMALES","DELITOS EN CONTRA DE LOS ANIMALES",3,2025-06-16,06:50:00,7,3,7.10,CAMPECHE,4,CHAMPOTON,4,CHAMPOTON,16831,"<SIN INFORMACION...>",19494,,,,"<SIN INFORMACION...> No. SN SN , COLONIA <SIN INFORMACION...>, CHAMPOTON, CHAMPOTON, CAMPECHE"
45911,44345,"DELITOS EN CONTRA DE LOS ANIMALES","DELITOS EN CONTRA DE LOS ANIMALES",3,2025-06-19,15:15:00,7,3,7.10,CAMPECHE,4,CHAMPOTON,4,CHAMPOTON,16831,"<SIN INFORMACION...>",19494,,,,"<SIN INFORMACION...> , COLONIA <SIN INFORMACION...>, CHAMPOTON, CHAMPOTON, CAMPECHE"
45842,44274,"DELITOS EN CONTRA DE LOS ANIMALES","DELITOS EN CONTRA DE LOS ANIMALES",3,2025-06-12,00:05:00,7,3,7.10,CAMPECHE,4,CHAMPOTON,4,CHAMPOTON,16831,CHAMPOTON,9999,,,,"CHAMPOTON , COLONIA CHAMPOTON, CHAMPOTON, CHAMPOTON, CAMPECHE"
45856,44287,"DELITOS EN CONTRA DE LOS ANIMALES","DELITOS EN CONTRA DE LOS ANIMALES",3,2025-06-14,11:00:00,7,3,7.10,CAMPECHE,4,CHAMPOTON,4,CHAMPOTON,16831,CHAMPOTON,9999,,,,"CHAMPOTON "
45861,44292,"ALLANAMIENTO DE MORADA","ALLANAMIENTO DE MORADA",3,2025-06-14,11:00:00,7,3,7.03,CAMPECHE,4,CHAMPOTON,4,CHAMPOTON,16831,CHAMPOTON,9999,,,,"CHAMPOTON "
45765,44196,"ALLANAMIENTO DE MORADA; AMENAZAS",AMENAZAS,3,2025-06-01,11:00:00,7,3,7.02,CAMPECHE,4,CHAMPOTON,4,CHAMPOTON,16831,CHAMPOTON,9999,,,,"CHAMPOTON , COLONIA CHAMPOTON, CHAMPOTON, CHAMPOTON, CAMPECHE"
45932,44369,"ALLANAMIENTO DE MORADA","ALLANAMIENTO DE MORADA",3,2025-06-23,23:47:00,7,3,7.03,CAMPECHE,4,CHAMPOTON,4,CHAMPOTON,16831,"<SIN INFORMACION...>",19494,,,,"<SIN INFORMACION...> , COLONIA <SIN INFORMACION...>, CHAMPOTON, CHAMPOTON, CAMPECHE"
45955,44394,"ALLANAMIENTO DE MORADA","ALLANAMIENTO DE MORADA",3,2025-06-26,12:44:00,7,3,7.03,CAMPECHE,4,CHAMPOTON,4,CHAMPOTON,16831,CHAMPOTON,9999,,,,"C 35 S/N COLONIA CENTENARIO CHAMPOTON CAMPECHE "
45904,44338,"ULTRAJES A LA AUTORIDAD","ULTRAJES A LA AUTORIDAD",3,2025-06-18,11:40:00,7,3,7.10,CAMPECHE,4,CHAMPOTON,4,CHAMPOTON,16831,"<SIN INFORMACION...>",19494,,,,"<SIN INFORMACION...> , COLONIA <SIN INFORMACION...>, CHAMPOTON, CHAMPOTON, CAMPECHE"
45941,44378,"EXTORSIÃ“N EN GRADO DE TENTATIVA","EXTORSIÃ“N EN GRADO DE TENTATIVA",3,2025-06-24,01:00:00,7,3,4.07,CAMPECHE,4,CHAMPOTON,4,CHAMPOTON,16831,CHAMPOTON,9999,,,,"CHAMPOTON "
45897,44331,"HOMICIDIO CALIFICADO","HOMICIDIO CALIFICADO",3,2025-06-17,07:00:00,7,3,1.01.01,CAMPECHE,4,CHAMPOTON,4,CHAMPOTON,16831,CHAMPOTON,9999,,,,"CHAMPOTON , COLONIA CHAMPOTON, CHAMPOTON, CHAMPOTON, CAMPECHE"
45942,44379,"LESIONES CALIFICADAS","LESIONES CALIFICADAS",3,2025-06-24,01:26:00,7,3,1.02.01,CAMPECHE,4,CHAMPOTON,4,CHAMPOTON,16831,"<SIN INFORMACION...>",19494,,,,"<SIN INFORMACION...> , COLONIA <SIN INFORMACION...>, CHAMPOTON, CHAMPOTON, CAMPECHE"
45970,44409,"LESIONES CALIFICADAS","LESIONES CALIFICADAS",3,2025-06-29,01:00:00,7,3,1.02.01,CAMPECHE,4,CHAMPOTON,4,CHAMPOTON,16831,CHAMPOTON,9999,,,,"CHAMPOTON "
45917,44353,"LESIONES CALIFICADAS","LESIONES CALIFICADAS",3,2025-06-21,09:38:00,7,3,1.02.01,CAMPECHE,4,CHAMPOTON,4,CHAMPOTON,16831,"<SIN INFORMACION...>",19494,,,,"<SIN INFORMACION...> , COLONIA <SIN INFORMACION...>, CHAMPOTON, CHAMPOTON, CAMPECHE"
45920,44357,"AMENAZAS; LESIONES CALIFICADAS",AMENAZAS,3,2025-06-21,07:00:00,7,3,7.02,CAMPECHE,4,CHAMPOTON,4,CHAMPOTON,16831,CHAMPOTON,9999,,,," CHAMPOTON, CAMPECHE"
45921,44358,"LESIONES CALIFICADAS","LESIONES CALIFICADAS",3,2025-06-22,10:42:00,7,3,1.02.01,CAMPECHE,4,CHAMPOTON,4,CHAMPOTON,16831,"<SIN INFORMACION...>",19494,,,,"<SIN INFORMACION...> , COLONIA <SIN INFORMACION...>, CHAMPOTON, CHAMPOTON, CAMPECHE"
45928,44365,"LESIONES CALIFICADAS","LESIONES CALIFICADAS",3,2025-06-22,10:56:01,7,3,1.02.01,CAMPECHE,4,CHAMPOTON,4,CHAMPOTON,16831,"<SIN INFORMACION...>",19494,,,,"<SIN INFORMACION...> , COLONIA <SIN INFORMACION...>, CHAMPOTON, CHAMPOTON, CAMPECHE"
45895,44329,"LESIONES CALIFICADAS","LESIONES CALIFICADAS",3,2025-06-17,01:35:00,7,3,1.02.01,CAMPECHE,4,CHAMPOTON,4,CHAMPOTON,16831,"<SIN INFORMACION...>",19494,,,,"<SIN INFORMACION...> , COLONIA <SIN INFORMACION...>, CHAMPOTON, CHAMPOTON, CAMPECHE"
45778,44210,"LESIONES CALIFICADAS","LESIONES CALIFICADAS",3,2025-06-03,11:00:00,7,3,1.02.01,CAMPECHE,4,CHAMPOTON,4,CHAMPOTON,16831,CHAMPOTON,9999,,,,"CHAMPOTON "
45764,44195,"LESIONES DOLOSAS","LESIONES DOLOSAS",3,2025-06-01,01:00:00,7,3,1.02.01,CAMPECHE,4,CHAMPOTON,4,CHAMPOTON,16831,CHAMPOTON,9999,,,,"CHAMPOTON "
45815,44246,"LESIONES DOLOSAS","LESIONES DOLOSAS",3,2025-06-09,01:00:00,7,3,1.02.01,CAMPECHE,4,CHAMPOTON,4,CHAMPOTON,16831,CHAMPOTON,9999,,,,"CHAMPOTON "
45817,44248,"LESIONES DOLOSAS; ROBO SIMPLE","LESIONES DOLOSAS",3,2025-06-09,11:00:00,7,3,1.02.01,CAMPECHE,4,CHAMPOTON,4,CHAMPOTON,16831,CHAMPOTON,9999,,,,"CHAMPOTON , COLONIA CHAMPOTON, CHAMPOTON, CHAMPOTON, CAMPECHE"
45831,44263,"LESIONES DOLOSAS","LESIONES DOLOSAS",3,2025-06-10,01:00:00,7,3,1.02.01,CAMPECHE,4,CHAMPOTON,4,CHAMPOTON,16831,CHAMPOTON,9999,,,,"CHAMPOTON "
45871,44303,"LESIONES DOLOSAS","LESIONES DOLOSAS",3,2025-06-15,01:00:00,7,3,1.02.01,CAMPECHE,4,CHAMPOTON,4,CHAMPOTON,16831,CHAMPOTON,9999,,,,"CHAMPOTON "
45972,44411,"LESIONES DOLOSAS; DAÃ‘OS EN PROPIEDAD AJENA A TITULO DOLOSO O INTENCIONAL","DAÑOS EN PROPIEDAD AJENA DOLOSO",3,2025-06-29,11:00:00,7,3,4.05,CAMPECHE,4,CHAMPOTON,4,CHAMPOTON,16831,CHAMPOTON,9999,,,,"CHAMPOTON , COLONIA CHAMPOTON, CHAMPOTON, CHAMPOTON, CAMPECHE"
45967,44406,"LESIONES DOLOSAS","LESIONES DOLOSAS",3,2025-06-28,11:00:00,7,3,1.02.01,CAMPECHE,4,CHAMPOTON,4,CHAMPOTON,16831,CHAMPOTON,9999,,,,"CHAMPOTON "
45950,44387,"LESIONES DOLOSAS","LESIONES DOLOSAS",3,2025-06-25,13:41:00,7,3,1.02.01,CAMPECHE,4,CHAMPOTON,4,CHAMPOTON,16831,CHAMPOTON,9999,,,,"C 13 X 10 Y 12 S/N COLONIA LOS MANGUITOS CHAMPOTON, CAMPECHE "
45935,44372,"NARCOMENUDEO SIMPLE","NARCOMENUDEO SIMPLE",3,2025-06-23,12:00:00,7,3,7.01.01,CAMPECHE,4,CHAMPOTON,4,CHAMPOTON,16831,"<SIN INFORMACION...>",19494,,,,"<SIN INFORMACION...> , COLONIA <SIN INFORMACION...>, CHAMPOTON, CHAMPOTON, CAMPECHE"
45965,44404,"NARCOMENUDEO SIMPLE","NARCOMENUDEO SIMPLE",3,2025-06-27,11:00:00,7,3,7.01.01,CAMPECHE,4,CHAMPOTON,4,CHAMPOTON,16831,CHAMPOTON,9999,,,,"CHAMPOTON , COLONIA CHAMPOTON, CHAMPOTON, CHAMPOTON, CAMPECHE"
45845,44277,"NARCOMENUDEO SIMPLE","NARCOMENUDEO SIMPLE",3,2025-06-12,18:45:00,7,3,7.01.01,CAMPECHE,4,CHAMPOTON,4,CHAMPOTON,16831,CHAMPOTON,9999,,,,"CHAMPOTON , COLONIA CHAMPOTON, CHAMPOTON, CHAMPOTON, CAMPECHE"
45805,44236,"NARCOMENUDEO SIMPLE","NARCOMENUDEO SIMPLE",3,2025-06-07,00:00:00,7,3,7.01.01,CAMPECHE,4,CHAMPOTON,4,CHAMPOTON,16831,"<SIN INFORMACION...>",19494,,,,"<SIN INFORMACION...> No. SN , COLONIA <SIN INFORMACION...>, CHAMPOTON, CHAMPOTON, CAMPECHE"
45956,44395,"OMISION DE CUIDADO","OMISION DE CUIDADO",3,2025-06-26,13:41:00,7,3,1.05,CAMPECHE,4,CHAMPOTON,4,CHAMPOTON,16831,CHAMPOTON,9999,,,,"CHAMPOTON , COLONIA CHAMPOTON, CHAMPOTON, CHAMPOTON, CAMPECHE"
45894,44328,"OMISION DE CUIDADO","OMISION DE CUIDADO",3,2025-06-17,13:14:00,7,3,1.05,CAMPECHE,4,CHAMPOTON,4,CHAMPOTON,16831,"<SIN INFORMACION...>",19494,,,,"<SIN INFORMACION...> , COLONIA <SIN INFORMACION...>, CHAMPOTON, CHAMPOTON, CAMPECHE"
45969,44408,"ROBO SIMPLE","ROBO SIMPLE",3,2025-06-28,01:00:00,7,3,4.01.14,CAMPECHE,4,CHAMPOTON,4,CHAMPOTON,16831,CHAMPOTON,9999,,,,"CHAMPOTON "
45952,44390,"DESPOJO; ROBO SIMPLE; AMENAZAS",AMENAZAS,3,2025-06-25,11:00:00,7,3,7.02,CAMPECHE,4,CHAMPOTON,4,CHAMPOTON,16831,CHAMPOTON,9999,,,,"CHAMPOTON , COLONIA CHAMPOTON, CHAMPOTON, CHAMPOTON, CAMPECHE"
45817,44249,"LESIONES DOLOSAS; ROBO SIMPLE","ROBO SIMPLE",3,2025-06-09,11:00:00,7,3,4.01.14,CAMPECHE,4,CHAMPOTON,4,CHAMPOTON,16831,CHAMPOTON,9999,,,,"CHAMPOTON , COLONIA CHAMPOTON, CHAMPOTON, CHAMPOTON, CAMPECHE"
45979,44420,"ROBO SIMPLE","ROBO SIMPLE",3,2025-06-30,00:06:00,3,3,4.01.05,CAMPECHE,4,CHAMPOTON,4,CHAMPOTON,16831,"<SIN INFORMACION...>",19494,,,,"<SIN INFORMACION...> , COLONIA <SIN INFORMACION...>, CHAMPOTON, CHAMPOTON, CAMPECHE"
202821,211508,"ROBO DE VEHICULO","ROBO DE VEHICULO",3,2025-06-03,16:00:00,7,3,4.01.02.02,CAMPECHE,4,ESCARCEGA,9,ESCARCEGA,18150,REVOLUCION,17227,,,,"30-A POR AVENIDA CONCORDIA Y AVENIDA JUSTO SIERRA MENDEZ, COLONIA REVOLUCION, ESCARCEGA, ESCARCEGA, CAMPECHE"
202827,211515,"ROBO EN GRADO DE TENTATIVA EN INTERIOR DE VEHICULO","ROBO EN GRADO DE TENTATIVA EN INTERIOR DE VEHICULO",3,2025-06-05,04:00:00,7,3,4.07,CAMPECHE,4,ESCARCEGA,9,ESCARCEGA,18150,CENTRO,17218,,,,"28 , COLONIA CENTRO, ESCARCEGA, ESCARCEGA, CAMPECHE"
202844,211532,"HOMICIDIO CALIFICADO","HOMICIDIO CALIFICADO",3,2025-06-09,01:05:00,1,1,1.01.01,CAMPECHE,4,ESCARCEGA,9,"DIVISION DEL NORTE",18151,"<SIN INFORMACION...>",20819,,,,"<SIN INFORMACION...> , COLONIA <SIN INFORMACION...>, DIVISION DEL NORTE, ESCARCEGA, CAMPECHE"
202915,211618,"EXTORSION EN GRADO DE TENTATIVA","EXTORSION EN GRADO DE TENTATIVA",3,2025-06-22,02:40:00,7,3,4.07,CAMPECHE,4,ESCARCEGA,9,ESCARCEGA,18150,"LIC. CARLOS SALINAS DE GORTARI",17211,,,,"<SIN INFORMACION...> No. X X , COLONIA LIC. CARLOS SALINAS DE GORTARI, ESCARCEGA, ESCARCEGA, CAMPECHE"
91048,90413,"VIOLENCIA FAMILIAR","VIOLENCIA FAMILIAR",3,2025-06-02,11:00:00,7,3,5.01,CAMPECHE,4,SEYBAPLAYA,12,SEYBAPLAYA,16853,"<SIN INFORMACION...>",19516,,,,"<SIN INFORMACION...> , COLONIA <SIN INFORMACION...>, SEYBAPLAYA, SEYBAPLAYA, CAMPECHE"
91051,90416,"ROBO A CASA HABITACION","ROBO A CASA HABITACION",3,2025-06-03,11:00:00,7,3,4.01.01,CAMPECHE,4,SEYBAPLAYA,12,SEYBAPLAYA,16853,"<SIN INFORMACION...>",19516,,,,"<SIN INFORMACION...> , COLONIA <SIN INFORMACION...>, SEYBAPLAYA, SEYBAPLAYA, CAMPECHE"
91056,90421,"ROBO A LUGAR CERRADO","ROBO A LUGAR CERRADO",3,2025-06-09,11:00:00,7,3,4.01.14,CAMPECHE,4,SEYBAPLAYA,12,SEYBAPLAYA,16853,"<SIN INFORMACION...>",19516,,,,"<SIN INFORMACION...> , COLONIA <SIN INFORMACION...>, SEYBAPLAYA, SEYBAPLAYA, CAMPECHE"
91057,90422,"VIOLENCIA FAMILIAR","VIOLENCIA FAMILIAR",3,2025-06-09,11:00:00,7,3,5.01,CAMPECHE,4,SEYBAPLAYA,12,SEYBAPLAYA,16853,"<SIN INFORMACION...>",19516,,,,"<SIN INFORMACION...> , COLONIA <SIN INFORMACION...>, SEYBAPLAYA, SEYBAPLAYA, CAMPECHE"
91058,90423,"ROBO A CASA HABITACION","ROBO A CASA HABITACION",3,2025-06-09,11:00:00,7,3,4.01.01,CAMPECHE,4,SEYBAPLAYA,12,SEYBAPLAYA,16853,"<SIN INFORMACION...>",19516,,,,"<SIN INFORMACION...> , COLONIA <SIN INFORMACION...>, SEYBAPLAYA, SEYBAPLAYA, CAMPECHE"
91064,90426,"DELITOS COMETIDOS POR MOTIVO DE LA VENTA  ILICITA DE BEBIDAS ALCOHOLICAS","DELITOS COMETIDOS POR MOTIVO DE LA VENTA  ILICITA DE BEBIDAS ALCOHOLICAS",3,2025-06-11,11:00:00,7,3,7.10,CAMPECHE,4,SEYBAPLAYA,12,SEYBAPLAYA,16853,"<SIN INFORMACION...>",19516,,,,"<SIN INFORMACION...> , COLONIA <SIN INFORMACION...>, SEYBAPLAYA, SEYBAPLAYA, CAMPECHE"
91068,90428,"DAÑOS EN PROPIEDAD AJENA A TITULO CULPOSO O IMPRUDENCIAL","DAÑOS EN PROPIEDAD AJENA A TITULO CULPOSO O IMPRUDENCIAL",3,2025-06-17,11:00:00,7,3,4.05,CAMPECHE,4,SEYBAPLAYA,12,SEYBAPLAYA,16853,"<SIN INFORMACION...>",19516,,,,"<SIN INFORMACION...> , COLONIA <SIN INFORMACION...>, SEYBAPLAYA, SEYBAPLAYA, CAMPECHE"
91069,90429,"FRAUDE GENERICO","FRAUDE GENERICO",3,2025-06-17,11:00:00,7,3,4.02,CAMPECHE,4,SEYBAPLAYA,12,SEYBAPLAYA,16853,"<SIN INFORMACION...>",19516,,,,"<SIN INFORMACION...> , COLONIA <SIN INFORMACION...>, SEYBAPLAYA, SEYBAPLAYA, CAMPECHE"
91071,90431,"VIOLENCIA FAMILIAR","VIOLENCIA FAMILIAR",3,2025-06-17,01:00:00,7,3,5.01,CAMPECHE,4,SEYBAPLAYA,12,SEYBAPLAYA,16853,"<SIN INFORMACION...>",19516,,,,"<SIN INFORMACION...> , COLONIA <SIN INFORMACION...>, SEYBAPLAYA, SEYBAPLAYA, CAMPECHE"
91073,90433,"ROBO DE VEHICULO","ROBO DE VEHICULO",3,2025-06-17,18:41:00,7,3,4.01.02.02,CAMPECHE,4,SEYBAPLAYA,12,SEYBAPLAYA,16853,"<SIN INFORMACION...>",19516,,,,"<SIN INFORMACION...> , COLONIA <SIN INFORMACION...>, SEYBAPLAYA, SEYBAPLAYA, CAMPECHE"
91075,90434,"LESIONES A TITULO CULPOSO","LESIONES A TITULO CULPOSO",3,2025-06-17,11:00:00,7,3,1.02.02,CAMPECHE,4,SEYBAPLAYA,12,SEYBAPLAYA,16853,"<SIN INFORMACION...>",19516,,,,"<SIN INFORMACION...> , COLONIA <SIN INFORMACION...>, SEYBAPLAYA, SEYBAPLAYA, CAMPECHE"
91076,90435,"ROBO A CASA HABITACION","ROBO A CASA HABITACION",3,2025-06-18,11:00:00,7,3,4.01.01,CAMPECHE,4,SEYBAPLAYA,12,SEYBAPLAYA,16853,"<SIN INFORMACION...>",19516,,,,"<SIN INFORMACION...> , COLONIA <SIN INFORMACION...>, SEYBAPLAYA, SEYBAPLAYA, CAMPECHE"
91077,90436,"ROBO DE VEHICULO","ROBO DE VEHICULO",3,2025-06-18,01:00:00,7,3,4.01.02.01,CAMPECHE,4,SEYBAPLAYA,12,SEYBAPLAYA,16853,"<SIN INFORMACION...>",19516,,,,"<SIN INFORMACION...> , COLONIA <SIN INFORMACION...>, SEYBAPLAYA, SEYBAPLAYA, CAMPECHE"
91083,90442,"HOMICIDIO CALIFICADO","HOMICIDIO CALIFICADO",3,2025-06-20,11:00:00,7,3,1.01.01,CAMPECHE,4,SEYBAPLAYA,12,SEYBAPLAYA,16853,"<SIN INFORMACION...>",19516,,,,"<SIN INFORMACION...> , COLONIA <SIN INFORMACION...>, SEYBAPLAYA, SEYBAPLAYA, CAMPECHE"
91084,90443,"LESIONES A TITULO DOLOSO","LESIONES A TITULO DOLOSO",3,2025-06-21,11:00:00,7,3,1.02.01,CAMPECHE,4,SEYBAPLAYA,12,SEYBAPLAYA,16853,"<SIN INFORMACION...>",19516,,,,"<SIN INFORMACION...> , COLONIA <SIN INFORMACION...>, SEYBAPLAYA, SEYBAPLAYA, CAMPECHE"
91085,90444,"VIOLENCIA FAMILIAR","VIOLENCIA FAMILIAR",3,2025-06-21,01:00:00,7,3,5.01,CAMPECHE,4,SEYBAPLAYA,12,SEYBAPLAYA,16853,"<SIN INFORMACION...>",19516,,,,"<SIN INFORMACION...> , COLONIA <SIN INFORMACION...>, SEYBAPLAYA, SEYBAPLAYA, CAMPECHE"
91086,90445,"VIOLENCIA FAMILIAR","VIOLENCIA FAMILIAR",3,2025-06-21,11:00:00,7,3,5.01,CAMPECHE,4,SEYBAPLAYA,12,SEYBAPLAYA,16853,"<SIN INFORMACION...>",19516,,,,"<SIN INFORMACION...> , COLONIA <SIN INFORMACION...>, SEYBAPLAYA, SEYBAPLAYA, CAMPECHE"
91093,90449,"LESIONES A TITULO CULPOSO","LESIONES A TITULO CULPOSO",3,2025-06-22,11:00:00,7,3,1.02.02,CAMPECHE,4,SEYBAPLAYA,12,SEYBAPLAYA,16853,"<SIN INFORMACION...>",19516,,,,"<SIN INFORMACION...> , COLONIA <SIN INFORMACION...>, SEYBAPLAYA, SEYBAPLAYA, CAMPECHE"
91099,90455,"LESIONES A TITULO CULPOSO","LESIONES A TITULO CULPOSO",3,2025-06-22,11:00:00,7,3,1.02.02,CAMPECHE,4,SEYBAPLAYA,12,SEYBAPLAYA,16853,"<SIN INFORMACION...>",19516,,,,"<SIN INFORMACION...> , COLONIA <SIN INFORMACION...>, SEYBAPLAYA, SEYBAPLAYA, CAMPECHE"
91100,90456,"LESIONES A TITULO CULPOSO","LESIONES A TITULO CULPOSO",3,2025-06-23,23:55:00,7,3,1.02.02,CAMPECHE,4,SEYBAPLAYA,12,SEYBAPLAYA,16853,"<SIN INFORMACION...>",19516,,,,"<SIN INFORMACION...> , COLONIA <SIN INFORMACION...>, SEYBAPLAYA, SEYBAPLAYA, CAMPECHE"