id_ci,id_delito,dto,moda_dto,forma_acc,fha_de_hchos,hra_de_hchos,emto_com_dto,grdo_cons,clasf_de_dto,nom_ent_hchos,id_ent_hchos,nom_mun_hchos,id_mun_hchos,nom_loc_hchos,id_loc_hchos,nom_col_hchos,id_col_hchos,cp,coord_x,coord_y,dom_hchos
1754,1,"HOMICIDIO DOLOSO ",1,1,2025-09-01,05:00:00,3,1,1.01.01,TLAXCALA,29,NATIVITAS,1,NATIVITAS,1,,0,90715,-98.19472,19.1406,"PANTEÓN DE COMUNIDAD DE GUADALUPE VICTORIA, M"
1755,4,"ROBO AUTOPARTES",1,2,2025-08-31,18:45:00,7,1,4.01.03,TLAXCALA,29,CHIAUTEMPAN,1,CHIAUTEMPAN,1,,0,90800,-98.195957961847,19.307271076766,"CALLE MANUEL SALDAÑA SUR PERTENECIENTE AL MUN"
1756,4,"ROBO AUTOPARTES",1,2,2025-08-07,10:00:00,7,1,4.01.03,TLAXCALA,29,"SAN PABLO DEL MONTE",1,"SAN PABLO DEL MONTE",1,,0,90970,-98.17603540309,19.114719455414,"CALLE TRES DE MAYO SIN NÚMERO, BARRIO EL  CRI"
1757,4,"ROBO CASA HABITACION",1,1,2025-09-01,00:15:00,1,1,4.01.01,TLAXCALA,29,TETLA,1,"SAN FRANCISCO ATEXCATZINGO ",11,,0,90432,-98.142637371839,19.471204338951,"CALLE TLATELPA SEGUNDA MANZANA, DE LA COMUNID"
1758,4,"ROBO EN TRANS INDIVIDUAL",1,2,2025-08-30,14:20:00,7,1,4.01.09,TLAXCALA,29,CALPULALPAN,1,CALPULALPAN,1,,0,90200,-98.570624671816,19.589287533584,"CALLE GENERAL HERMENEGILDO GALEANA, COLONIA C"
1759,4,"ROBO GANADO",1,2,2024-09-01,06:00:00,7,1,4.01.12,TLAXCALA,29,IXTACUIXTLA,1,"SAN DIEGO XOCOYUCAN  ",22,,0,90122,-98.369878392634,19.310485309255,"CALLE 21  DE MARZO ESQUINA 20 DE NOVIEMBRE SI"
1760,1,"TENTATIVA DE FEMINICIDIO",1,1,2025-09-01,07:00:00,3,2,1.05,TLAXCALA,29,TLAXCALA,1,TLAXCALA,1,,0,90000,-98.243544,19.318504,"CALLE JOSEFA CASTELAR 10, COLONIA CENTRO, TLA"
1761,5,"VIOLENCIA FAMILIAR",1,1,2024-09-05,00:00:00,3,1,5.01,TLAXCALA,29,TLAXCALA,1,TLAXCALA,1,,0,90000,-98.236493884169,19.318529484845,TLAXCALA
1762,7,"ELABORACIÓN O ALTERACIÓN Y USO INDEBIDO DE PLACAS, ENGOMADOS  ",1,2,2025-09-02,10:00:00,7,1,7.10,TLAXCALA,29,HUEYOTLIPAN,1,"SAN SIMEÓN XIPETZINCO ",20,,0,90241,-98.291341869846,19.482917892764,"CARRETERA FEDERAL MÉXICO-VERACRUZ  A LA ALTUR"
1763,4,"ROBO AUTOPARTES",1,2,2025-09-02,15:00:00,7,1,4.01.03,TLAXCALA,29,NANACAMILPA,1,"NANACAMILPA ",1,,0,90284,-98.494789770417,19.517511623224,"CARRETERA NANACAMILPA FRANCISCO I MADERO, NAN"
1764,4,"ROBO CASA HABITACION",1,2,2025-08-30,16:00:00,7,1,4.01.01,TLAXCALA,29,AYOMETLA,1,AYOMETLA,1,,0,90773,-98.210922284917,19.209159877705,"CALLE 5 DE FEBRERO  SIN NÚMERO BARRIO ESTOCAP"
1765,4,"ROBO GANADO",1,2,2025-09-02,06:00:00,7,1,4.01.12,TLAXCALA,29,MAZATECOCHOCO,1,MAZATECOCHCO,1,,0,90874,-98.181154979411,19.186009659951,"CUARTA PRIVADA DE EX HACIENDA NÚMERO 22, DE L"
1766,7,"DESAPARICION COMETIDA POR PARTICULARES",1,1,2025-09-01,15:00:00,7,1,7.10,TLAXCALA,29,ZACATELCO,1,ZACATELCO,1,,0,90750,-98.248442230413,19.19864434384,ZACATELCO
1767,7,"DESOBEDIENCIA Y RESISTENCIA DE PARTICULARES",1,2,2025-09-02,12:00:00,7,1,7.10,TLAXCALA,29,TZOMPANTEPEC,1,TZOMPANTEPEC,1,,0,90490,-98.097007942945,19.376267251365,"CALLE PROGRESO 92-A BARRIO DE FÁTIMA, DE LA C"
1768,1,"LESIONES DOLOSAS GOLPES",1,1,2025-09-03,10:55:00,3,1,1.02.01,TLAXCALA,29,TLAXCALA,1,"SAN HIPÓLITO CHIMALPA",13,,0,90112,-98.247345,19.315833,"BOULEVARD TEPEHITEC, 23, DELEGACIÓN SAN HIPÓL"
1769,4,"ROBO CASA HABITACION",1,2,2025-09-03,03:00:00,7,1,4.01.01,TLAXCALA,29,ZACATELCO,1,ZACATELCO,1,,0,90750,-98.245830530791,19.204320827003,"PRIVADA FRANCISCO SARABIA NÚMERO 37, SECCIÓN "
1770,4,"ROBO COMERCIO",1,1,2025-05-17,15:20:00,1,1,4.01.11,TLAXCALA,29,TLAXCALA,1,TLAXCALA,1,,0,90090,-98.213778228332,19.314461415453,"CALLE CONSTRUCTORES LOCAL SEIS, BARRIO DE TEP"
1771,4,"ROBO EN TRANS INDIVIDUAL",1,2,2025-09-03,12:30:00,7,1,4.01.09,TLAXCALA,29,ZACATELCO,1,ZACATELCO,1,,0,90750,-98.249289944027,19.194562816094,"CALLE REFORMA S/N., BARRIO MANANTIALES, ZACAT"
1772,4,"ROBO VEHICULO",1,1,2025-09-02,13:50:00,1,1,4.01.02.01,TLAXCALA,29,CALPULALPAN,1,CALPULALPAN,1,,0,90200,-98.569017388555,19.58861303972,CALPULALPAN
1773,4,FRAUDE,1,2,2025-09-03,14:00:00,7,1,4.02,TLAXCALA,29,TLAXCALA,1,"SAN GABRIEL CUAHUTLA",12,,0,90000,-98.239038601402,19.307009895669,"CARRETERA OCOTLÁN TLAXCALA NUMERO 1 LOCAL TRE"
1774,7,NARCOMENUDEO,1,2,2025-09-04,10:51:00,7,1,7.01.01,TLAXCALA,29,CHIAUTEMPAN,1,CHIAUTEMPAN,1,,0,90806,-98.181632605462,19.30448818459,"PRIVADA JOSEFINA PAREDES CON PRIVADA DE LA LU"
1775,7,NARCOMENUDEO,1,2,2025-09-04,11:40:00,7,1,7.01.01,TLAXCALA,29,TLAXCALA,1,TLAXCALA,1,,0,90000,-98.232051452405,19.323559738401,"BOULEVARD GUILLERMO VALLE, DE LA COLONIA CENT"
1776,7,NARCOMENUDEO,1,2,2025-09-04,11:55:00,7,1,7.01.01,TLAXCALA,29,"SANTA CRUZ",1,"SAN MIGUEL CONTLA",5,,0,90640,-98.136479328262,19.379425190557,"CALLE REVOLUCIÓN DEL FRACCIONAMIENTO LA HERRA"
1777,4,"ROBO CASA HABITACION",1,2,2025-08-23,16:15:00,7,1,4.01.01,TLAXCALA,29,IXTACUIXTLA,1,IXTACUIXTLA,1,,0,90120,-98.37690990757,19.327175126369,"CALLE MARIANO MATAMOROS, NUMERO  33 COLONIA C"
1778,4,"ROBO COMERCIO",1,2,2025-09-04,15:11:00,7,1,4.01.11,TLAXCALA,29,TLAXCALA,1,TLAXCALA,1,,0,90000,-98.229686640891,19.323947445086,"COLONIA CENTRO, DEL MUNICIPIO DE TLAXCALA"
1779,4,"ROBO TRANSEUNTE",1,1,2025-09-03,22:00:00,1,1,4.01.05,TLAXCALA,29,XALTOCAN,1,XALTOCAN,1,,0,90440,-98.214196016162,19.423102035069,"XALTOCAN, TLAXCALA ,"
1780,4,"ROBO TRANSEUNTE",1,1,2025-09-03,15:30:00,1,1,4.01.05,TLAXCALA,29,ZACATELCO,1,ZACATELCO,1,,0,90750,-98.240110144939,19.192854135929,"CALLE HIDALGO NO. 22, SECCIÓN PRIMERA, ZACATE"
1781,4,"ROBO VEHICULO",1,1,2025-09-03,18:15:00,1,1,4.01.02.01,TLAXCALA,29,ZACATELCO,1,ZACATELCO,1,,0,90740,-98.250719808622,19.210256802797,"CALLE MANANTIALES, SEGUNDA SECCIÓN, MUNICIPIO"
1782,4,"ROBO VEHICULO MOTO",1,1,2025-09-03,22:20:00,1,1,4.01.02.02,TLAXCALA,29,CHIAUTEMPAN,1,CHIAUTEMPAN,1,,0,90802,-98.206082086577,19.320935763912,"AVENIDA PROSPERO CAHUANTZI, CON ESQUINA CALLE"
1783,4,"ROBO VEHICULO MOTO",1,1,2025-09-04,21:00:00,1,1,4.01.02.02,TLAXCALA,29,APIZACO,1,"SANTA ANITA HUILOAC",9,,0,90407,-98.148035791877,19.384447295248,"CALLE MANANTIALES DE  SANTA ANITA HUILOAC, AP"
1784,3,VIOLACION,1,1,2025-09-04,19:00:00,3,1,3.08.01,TLAXCALA,29,TOTOLAC,1,TOTOLAC,1,,0,90160,-98.258470923836,19.326388871796,TOTOLAC
1785,3,VIOLACION,1,1,2025-09-04,01:20:00,3,1,3.08.01,TLAXCALA,29,CHIAUTEMPAN,1,CHIAUTEMPAN,1,,0,90807,-98.203422632287,19.309671842992,"PRIVADA COLIMA, NÚMERO DOS, DE LA COLONIA EL "
1786,1,"HOMICIDIO DOLOSO ",1,1,2025-09-05,14:00:00,1,1,1.01.01,TLAXCALA,29,TEPETITLA,1,"VILLA ALTA",9,,0,90700,-98.4073288,19.2928455,"CARRETERA FEDERAL SAN MARTÍN - TLAXCALA (AVEN"
1787,1,"LESIONES CULPOSAS ",2,2,2025-09-05,08:00:00,4,1,1.02.02,TLAXCALA,29,APIZACO,1,APIZACO,1,,0,90343,-98.134184711878,19.416046836817,"CALLE 20 DE NOVIEMBRE FRENTE AL NÚMERO 809,  "
1788,4,"ROBO CASA HABITACION",1,2,2025-09-04,22:30:00,7,1,4.01.01,TLAXCALA,29,TLAXCO,1,"SAN ANTONIO HUEXOTITLA",26,,0,90251,-98.208093184218,19.601245975169,"CALLE PORFIRIO DÍAZ NUMERO DOS Y MIGUEL HIDAL"
1789,4,"ROBO CASA HABITACION",1,2,2025-09-04,07:00:00,7,1,4.01.01,TLAXCALA,29,HUAMANTLA,1,HUAMANTLA,1,,0,90502,-97.922517754379,19.321041753686,"BATALLA DE SAN BLAS NÚMERO 11, AMPL EL CALVAR"
1790,4,"ROBO COMERCIO",1,2,2025-09-04,03:35:00,7,1,4.01.11,TLAXCALA,29,TLAXCALA,1,TLAXCALA,1,,0,90000,-98.235574409545,19.321625904577,"SUCURSAL DE CAJA POPULAR MEXICANA UBICADA EN "
1791,4,"ROBO VEHICULO",1,1,2025-09-04,19:30:00,1,1,4.01.02.01,TLAXCALA,29,APETATITLAN,1,APETATITLAN,1,,0,90600,-98.193694782487,19.334025329998,"CALLE ALLENDE NÚMERO 40, MUNICIPIO DE APETATI"
1792,7,"ALLANAMIENTO DE MORADA",1,2,2025-09-05,20:35:00,7,1,7.03,TLAXCALA,29,PAPALOTLA,1,PAPALOTLA,1,,0,90790,-98.206944,19.176151,"CARRETERA A SAN MARCOS CONTLA #21, DE XILOTZI"
1793,7,"DESOBEDIENCIA Y RESISTENCIA DE PARTICULARES",1,2,2025-09-05,02:00:00,7,1,7.10,TLAXCALA,29,CALPULALPAN,1,CALPULALPAN,1,,0,90203,-98.575449,19.596679,"AVENIDA DE LAS TORRES, SIN NÚMERO, COLONIA AL"
1794,1,"HOMICIDIO DOLOSO ",1,1,2025-09-06,04:00:00,1,1,1.01.01,TLAXCALA,29,YAUHQUEMEHCAN,1,"SAN BENITO XALTOCAN",3,,0,90310,-98.168578,19.406337,"CALLE 12 DE OCTUBRE, COMUNIDAD DE SAN BENITO "
1795,1,"HOMICIDIO DOLOSO ",1,1,2025-09-06,00:30:00,1,1,1.01.01,TLAXCALA,29,CALPULALPAN,1,CALPULALPAN,1,,0,90208,-98.572534303223,19.593658239252,"CALLE RINCÓN DE LAS ORQUÍDEAS NÚMERO NUEVE, E"
1796,4,"ROBO CASA HABITACION",1,2,2025-09-05,05:40:00,7,1,4.01.01,TLAXCALA,29,TETLA,1,"TETLA DE LA SOLIDARIDAD ",1,,0,90430,-98.104889882554,19.440335494888,"TETLA DE LA SOLIDARIDAD TLAXCALA"
1797,4,"ROBO VEHICULO",1,1,2025-09-06,02:00:00,1,1,4.01.02.01,TLAXCALA,29,APIZACO,1,"SANTA ANITA HUILOAC",9,,0,90407,-98.163116,19.384276,"A LA ALTURA DE CIUDAD JUDICIAL DE LA COMUNIDA"
1798,4,"ROBO VEHICULO",1,2,2025-09-06,08:00:00,7,1,4.01.02.01,TLAXCALA,29,XALTOCAN,1,"LA ASCENCIÓN HUITZCOLOTEPEC",4,,0,90444,-98.237192615031,19.382498866149,"CALLE EL PIÑÓN, SIN NÚMERO, LA ASCENCIÓN HUIT"
1799,4,"ROBO VEHICULO MOTO",1,2,2025-09-05,19:00:00,7,1,4.01.02.02,TLAXCALA,29,ZACATELCO,1,ZACATELCO,1,,0,90740,-98.241349473836,19.229451117783,"CALLE TLACUILOTLA, SIN NÚMERO, COMO REFERENCI"
1800,7,"ALLANAMIENTO DE MORADA",1,2,2025-09-07,05:45:00,7,1,7.03,TLAXCALA,29,"SAN PABLO DEL MONTE",1,"SAN PABLO DEL MONTE",1,,0,90970,-98.1719265,19.1175223,"CALLE PABLO SIDAR SUR, NÚMERO 32, BARRIO DE S"
1801,1,"HOMICIDIO DOLOSO ",1,1,2025-09-07,13:30:00,1,1,1.01.01,TLAXCALA,29,YAUHQUEMEHCAN,1,"SAN JOSE TETEL",8,,0,90454,-98.162228,19.434608,"CALLE BENITO JUÁREZ, NÚMERO 7, SAN JOSÉ TETEL"
1802,4,"ROBO COMERCIO",1,2,2025-09-07,16:19:00,7,1,4.01.11,TLAXCALA,29,TLAXCALA,1,TLAXCALA,1,,0,90000,-98.229778,19.324029,"GUILLERMO VALLE 113, CENTRO, TLAXCALA, COMO R"
1803,4,"ROBO VEHICULO",1,1,2025-09-06,22:30:00,2,1,4.01.02.01,TLAXCALA,29,TLAXCALA,1,TLAXCALA,1,,0,90802,-98.208309056009,19.320436716045,"BOULEVARD SANTA ANA- TLAXCALA, EN EL CRUCERO "
1804,4,"ROBO VEHICULO MOTO",1,1,2025-09-07,01:30:00,1,1,4.01.02.02,TLAXCALA,29,CHIAUTEMPAN,1,CHIAUTEMPAN,1,,0,90805,-98.196688319316,19.301037512539,"CARRETERA VÍA CORTA PUEBLA-SANTA ANA CHIAUTEM"
1805,2,"SECUESTRO ",1,1,2025-09-07,12:00:00,1,1,2.01.01,TLAXCALA,29,YAUHQUEMEHCAN,1,YAUHQUEMEHCAN,1,,0,90470,-98.182713917672,19.413586121863,YAUHQUEMEHCAN
1806,7,"DELITOS CONTRA LA SEGURIDAD DE LA COMUNIDAD",1,2,2025-09-07,21:00:00,7,1,7.10,TLAXCALA,29,HUAMANTLA,1,HUAMANTLA,1,,0,90500,-97.991187,19.351629,"CARRETERA LOS REYES ZACATEPEC, TRAMO: ENTRONQ"
1807,7,"DESAPARICION COMETIDA POR PARTICULARES",1,1,2025-09-07,17:00:00,7,1,7.10,TLAXCALA,29,PANOTLA,1,PANOTLA,1,,0,90140,-98.2728867302,19.312373291362,PANOTLA
1808,7,"DISPARO DE ARMA DE FUEGO",1,1,2025-09-07,18:57:00,1,1,7.10,TLAXCALA,29,TLAXCALA,1,"SAN SEBASTIÁN ATLAHAPA",15,,0,90111,-98.211998297878,19.286027676012,"CALLE UNIÓN DE LA COMUNIDAD DE SAN SEBASTIÁN "
1809,1,"HOMICIDIO DOLOSO ",1,1,2025-09-08,06:30:00,3,1,1.01.01,TLAXCALA,29,CHIAUTEMPAN,1,CHIAUTEMPAN,1,,0,90810,-98.173275,19.308404,"TERRENOS DE LABOR ENTRE CALLE LIBERTAD Y BARR"
1810,4,"ROBO COMERCIO",1,1,2025-09-07,06:30:00,1,1,4.01.11,TLAXCALA,29,XALOSTOC,1,XALOZTOC,1,,0,90460,-98.046060493315,19.407334684246,"CALLE HIDALGO NUMERO 02, COLONIA CENTRO, MUNI"
1811,4,"ROBO EN TRANS INDIVUDAL",1,2,2025-09-07,22:00:00,7,1,4.01.09,TLAXCALA,29,CALPULALPAN,1,CALPULALPAN,1,,0,90200,-98.571783386077,19.592441152674,"CARRETERA MÉXICO VERACRUZ KM 131+250 CENTRO 9"
1812,4,"ROBO TRANSEUNTE EN ESPACIO ABIERTO",1,1,2025-09-08,09:40:00,1,1,4.01.06,TLAXCALA,29,CHIAUTEMPAN,1,CHIAUTEMPAN,1,,0,90800,-98.195859784874,19.311079412902,"CALLE MANUEL SALDAÑA SUR, NÚMERO 25, COLONIA "
1813,4,"ROBO VEHICULO MOTO",1,1,2025-09-08,10:36:00,1,1,4.01.02.02,TLAXCALA,29,TLAXCALA,1,TLAXCALA,1,,0,90000,-98.24450656981,19.319914739863,"CALLE JESÚS DEL RIO 4, CENTRO, TLAXCALA, TLAX"
1814,7,"DELITOS CONTRA LA SEGURIDAD DE LA COMUNIDAD",1,2,2025-09-08,20:25:00,7,1,7.10,TLAXCALA,29,APETATITLAN,1,APETATITLAN,1,,0,90606,-98.197477543932,19.33249231607,"APETATITLÁN DE ANTONIO CARVAJAL, TLAXCALA"
1815,7,"DELITOS CONTRA LA VIDA DE LOS ANIMALES",1,2,2025-09-09,17:00:00,7,1,7.10,TLAXCALA,29,TEPETITLA,1,TEPETITLA,1,,0,90700,-98.377638545037,19.265199431305,"CALLE GALEANA TEPETITLA "
1816,1,"LESIONES DOLOSAS GOLPES",1,1,2025-09-08,18:15:00,3,1,1.02.01,TLAXCALA,29,TOCATLAN,1,TOCATLAN,1,,0,90480,-98.02784,19.394607,"CALLE ADOLFO LÓPEZ MATEOS Y CALLLE VICENTE GU"
1817,7,"PORTACION DE OBJETO APTO PARA AGREDIR",1,1,2025-09-07,17:25:00,7,1,7.10,TLAXCALA,29,"DOMINGO ARENAS",1,"MUÑOZ DE DOMINGO ARENAS",1,,0,90754,-98.1889554,19.4628093,"CARRETERA APIZACO-MUÑOZ, COMO REFERENCIA EN E"
1818,4,"ROBO COMERCIO ",1,1,2025-09-09,17:30:00,1,1,4.01.11,TLAXCALA,29,APETATITLAN,1,APETATITLAN,1,,0,90105,-98.209887098902,19.328576532517,"ANTIGUO CAMINO REAL NUMERO 6 TLATEMPA APETATI"
1819,7,"DESOBEDIENCIA Y RESISTENCIA DE PARTICULARES",1,2,2025-09-09,10:33:00,7,1,7.10,TLAXCALA,29,ESPAÑITA,1,"SAN FRANCISCO MITEPEC",15,,0,90292,-98.449410486856,19.439412129635,"CALLE NICOLÁS BRAVO, NUMERO 22, FRENTE AL KÍN"
1820,4,FRAUDE,1,2,2021-01-31,11:00:00,7,1,4.02,TLAXCALA,29,ZACATELCO,1,ZACATELCO,1,,0,90740,-98.235531788835,19.218885189331,"CALLE ALLENDE ORIENTE, NUMERO 29, CÓDIGO POST"
1821,4,FRAUDE,1,2,2021-01-31,12:00:00,7,1,4.02,TLAXCALA,29,ZACATELCO,1,ZACATELCO,1,,0,90740,-98.235531788835,19.218885189331,"CALLE ALLENDE ORIENTE, NUMERO 29, CÓDIGO POST"
1822,7,NARCOMENUDEO,1,2,2025-09-09,16:00:00,7,1,7.01.01,TLAXCALA,29,ZACATELCO,1,ZACATELCO,1,,0,90750,-98.235216070312,19.192352432427,"CALLE GUERRERO DE LA COMUNIDAD DE  GUARDIA, M"
1823,4,"ROBO CASA HABITACION",1,2,2025-09-07,07:57:00,7,1,4.01.01,TLAXCALA,29,"SAN PABLO DEL MONTE",1,"SAN PABLO DEL MONTE",1,,0,90970,-98.173800806536,19.115521941623,"CALLE PABLO SIDAR SUR NUMERO 32 BARRIO SAN BA"
1824,4,"ROBO COMERCIO",1,2,2025-09-10,11:25:00,7,1,4.01.11,TLAXCALA,29,CHIAUTEMPAN,1,CHIAUTEMPAN,1,,0,90430,-98.198583301351,19.308729218737,"CALLE TLAHUICOLE SIN NUMERO, TEPETLAPA MUNICI"
1825,4,"ROBO VEHICULO",1,1,2025-09-10,11:20:00,1,1,4.01.02.01,TLAXCALA,29,NATIVITAS,1,NATIVITAS,1,,0,90733,-98.301940863948,19.208180224378,"CARRETERA XOXTLA-NATIVITAS, TLAX., APROX. A 4"
1826,4,"ROBO VEHICULO MOTO",1,1,2025-09-10,04:00:00,1,1,4.01.02.02,TLAXCALA,29,"SAN PABLO DEL MONTE",1,"SAN PABLO DEL MONTE",1,,0,90970,-98.174154677601,19.120035534507,"CALLE SAN FRANCISCO I MADERO, NÚMERO 24, BARR"
1827,3,VIOLACIÓN,1,1,2024-09-10,21:00:00,3,1,3.08.01,TLAXCALA,29,HUAMANTLA,1,HUAMANTLA,1,,0,90500,-97.924406615708,19.31636237108,HUAMANTLA
1828,7,AMENAZAS,1,1,2025-09-11,14:21:00,3,1,7.02,TLAXCALA,29,HUAMANTLA,1,HUAMANTLA,1,,0,90501,-97.922408757239,19.315058914585,"CALLE JUÁREZ NORTE, ALTURA DE LA SUCURSAL BAN"
1829,7,"DISPARO DE ARMA DE FUEGO",1,1,2025-09-11,10:20:00,1,1,7.10,TLAXCALA,29,IXTACUIXTLA,1,"LA TRINIDAD TENEXYECAC ",38,,0,90121,-98.313609452766,19.336061893787,"CALLE HIDALGO DE LA COMUNIDAD DE LA TRINIDAD "
1830,7,NARCOMENUDEO,1,2,2025-09-10,20:10:00,7,1,7.01.01,TLAXCALA,29,"DOMINGO ARENAS",1,"MUÑOZ DE DOMINGO ARENAS",1,,0,90420,-98.2083736,19.4759153,"CALLE AVENIDA 16 DE SEPTIEMBRE DEL MUNICIPIO "
1831,7,NARCOMENUDEO,1,2,2025-09-11,11:45:00,7,1,7.01.01,TLAXCALA,29,YAUHQUEMEHCAN,1,"SAN JOSÉ TETEL",8,,0,90454,-98.153279894996,19.432786381036,"CALLE SAN JOSÉ TETEL DE LA COMUNIDAD DE SAN J"
1832,4,"ROBO CASA HABITACION",1,2,2025-08-28,12:15:00,7,1,4.01.01,TLAXCALA,29,"SAN PABLO DEL MONTE",1,"SAN PABLO DEL MONTE",1,,0,90930,-98.14307278336,19.135486939288,"CALLE LÁZARO CÁRDENAS NÚMERO DOSCIENTOS CUARE"
1833,4,"ROBO GANADO",1,1,2025-09-11,02:00:00,1,1,4.01.12,TLAXCALA,29,PAPALOTLA,1,PAPALOTLA,1,,0,90790,-98.193714165244,19.173324038091,"CALLE XALTONAC SIN NUMERO, BARRIO XOLALPA,  M"
1834,4,"ROBO VEHICULO",1,1,2025-09-11,04:30:00,1,1,4.01.02.01,TLAXCALA,29,HUAMANTLA,1,HUAMANTLA,1,,0,90450,-97.911416008413,19.320379701119,"CARRETERA MÉXICO VERACRUZ, PASANDO LA GASOLIN"
1835,4,"ROBO VEHICULO",1,1,2025-09-11,09:30:00,1,1,4.01.02.01,TLAXCALA,29,TLAXCALA,1,TLAXCALA,1,,0,90000,-98.229778,19.324029,"CALLE GUSTAVO AREVALO COLONIA CENTRO TLAXCALA"
1836,4,"ROBO VEHICULO",1,2,2025-09-11,09:00:00,7,1,4.01.02.01,TLAXCALA,29,ZACATELCO,1,ZACATELCO,1,,0,90740,-98.236057441478,19.217574537536,"AVENIDA LIBERTAD NORTE Y EMPERADOR, PRIMERA S"
1837,7,NARCOMENUDEO,1,2,2025-09-12,13:53:00,7,1,7.01.01,TLAXCALA,29,ZACATELCO,1,ZACATELCO,1,,0,90740,-98.241291703944,19.229469729489,"CAMINO A TLACUILOTLA, SECCIÓN PRIMERA, ZACATE"
1838,4,"ROBO COMERCIO",1,2,2025-09-12,08:35:00,7,1,4.01.11,TLAXCALA,29,XALOZTOC,1,XALOZTOC,1,,0,90460,-98.086896,19.398794,"CARRETERA FEDERAL MEXICO – VERACRUZ KM 123, M"
1839,4,"ROBO VEHICULO",1,1,2025-09-12,05:30:00,1,1,4.01.02.01,TLAXCALA,29,TLAXCALA,1,TLAXCALA,1,,0,90000,-98.243856485309,19.326273122669,"AVENIDA TLAHUICOLE, NÚMERO 405, ADOLFO LÓPEZ "
1840,4,"ROBO COMERCIO",1,1,2025-09-12,16:40:00,1,1,4.01.11,TLAXCALA,29,APIZACO,1,APIZACO,1,,0,90350,-98.147014087664,19.411139778436,"CALLE BARBERÁN Y COLLAR NÚMERO 703 DE APIZACO"
1841,4,"ROBO COMERCIO",1,2,2025-09-13,14:35:00,7,1,4.01.11,TLAXCALA,29,TEPETITLA,1,"VILLA ALTA",9,,0,90700,-98.400928,19.295223,"CALLE ARGENTINA PRIVADA NUMERO 1, VILLA ALTA "
1842,4,"ROBO COMERCIO ",1,1,2025-09-12,17:50:00,1,1,4.01.11,TLAXCALA,29,CONTLA,1,CONTLA,1,,0,90680,-98.162998787215,19.320615803756,"MINI SUPER TLALI”, UBICADO EN CALLE REFORMA, "
1843,4,"ROBO TRANSPORTISTA",1,1,2025-09-12,09:30:00,1,1,4.01.04,TLAXCALA,29,"SAN PABLO DEL MONTE",1,"SAN PABLO DEL MONTE",1,,0,90970,-98.173437594903,19.117005059658,"CALLE 18 DE MARZO 148, SAN BARTOLOMÉ, CP. 909"
1844,4,"ROBO VEHICULO",1,2,2025-09-12,21:20:00,7,1,4.01.02.01,TLAXCALA,29,TETLANOHCAN,1,TETLANOHCAN,1,,0,90840,-98.160712074627,19.259581233859,"CALLE ZARAGOZA NÚMERO CINCUENTA, DEL BARRIO D"
1845,4,"ROBO VEHICULO MOTO",1,2,2025-09-05,02:36:00,7,1,4.01.02.02,TLAXCALA,29,TLAXCALA,1,"SANTA MARÍA IXTULCO",17,,0,90115,-98.213025511326,19.325785009401,"CALLE CERRADA NUEVA REFORMA, NUMERO 13, SANTA"
1846,1,"HOMICIDIO DOLOSO ",1,1,2025-09-14,19:00:00,1,1,1.01.01,TLAXCALA,29,NATIVITAS,1,"SANTIAGO MICHAC",16,,0,90721,-98.338768,19.215948,"CALLE MARIANO MATAMOROS, ESQUINA CON CALLE PU"
1847,4,"ROBO VEHICULO",1,2,2025-09-13,19:30:00,7,1,4.01.02.01,TLAXCALA,29,ZACATELCO,1,ZACATELCO,1,,0,90750,-98.23972102415,19.204000146435,"CARRETERA FEDERAL PUEBLA-TLAXCALA, NÚMERO NOV"
1848,4,"ROBO VEHICULO",1,2,2025-06-01,08:00:00,7,1,4.01.02.01,TLAXCALA,29,TEOLOCHOLCO,1,TEOLOCHOLCO,1,,0,90850,-98.192740294448,19.245057634571,"AVENIDA JOSEFA ORTIZ DE DOMÍNGUEZ, PONIENTE 4"
1849,4,"ROBO VEHICULO",1,2,2025-09-14,14:00:00,7,1,4.01.02.01,TLAXCALA,29,TLALTELULCO,1,TLALTELULCO,1,,0,90835,-98.198695653827,19.266720623338,"CARRETERA VÍA CORTA SANTA ANA-PUEBLA, A LA AL"
1850,4,EXTORSION,1,1,2025-09-14,15:10:00,5,1,4.04.02,TLAXCALA,29,ZACATELCO,1,ZACATELCO,1,,0,90750,-98.248442230413,19.19864434384,ZACATELCO
1851,1,"LESIONES DOLOSAS ",1,1,2025-09-14,14:51:00,3,1,1.02.01,TLAXCALA,29,CUAPIAXTLA,1,CUAPIAXTLA,1,,0,90560,-97.770919642875,19.30021263144,"CALLE VALENTÍN GÓMEZ FARIAS #8 DEL BARRIO DE "
1852,4,"ROBO CASA HABITACION",1,2,2005-09-15,01:30:00,7,1,4.01.01,TLAXCALA,29,CALPULALPAN,1,CALPULALPAN,1,,0,90208,-98.57896,19.598955,"CALLE LÓPEZ MATEOS, A LA ALTURA DEL NÚMERO 13"
1853,4,"ROBO COMERCIO",1,1,2025-09-15,16:20:00,1,1,4.01.11,TLAXCALA,29,CALPULALPAN,1,CALPULALPAN,1,,0,90203,-98.556096218882,19.590103342443,"BULEVAR EMILIO SÁNCHEZ PIEDRAS CON CARRETERA "
1854,4,"ROBO COMERCIO",1,2,2025-09-14,13:10:00,7,1,4.01.11,TLAXCALA,29,APETATITLAN,1,TLATEMPAN,1,,0,90610,-98.197568215106,19.333059498563,"CARRETERA PUEBLA- APIZACO NÚMERO 3, TLATEMPAN"
1855,4,"ROBO EN TRANS INDIVIDUAL",1,2,2025-09-15,11:50:00,7,1,4.01.09,TLAXCALA,29,TLAXCALA,1,TLAXCALA,1,,0,90000,-98.22983112868,19.325283343527,"CALLE GUILLERMO VALLE, A UN COSTADO DEL ESTAD"
1856,4,"ROBO TRANSEUNTE EN ESPACIO ABIERTO",1,1,2025-09-14,20:00:00,1,1,4.01.06,TLAXCALA,29,TLAXCALA,1,TLAXCALA,1,,0,90006,-98.241245051332,19.301534525097,"CARR. FEDERAL PUEBLA - TLAXCALA KM 31, LA LOM"
1857,4,"ROBO VEHICULO MOTO",1,2,2025-09-12,08:30:00,7,1,4.01.02.02,TLAXCALA,29,TETLA,1,"TETLA DE LA SOLIDARIDAD ",1,,0,90430,-98.097475711692,19.443661063401,"CALLE REPÚBLICA DE GUATEMALA, SIN NÚMERO, COL"
1858,4,DAÑOS,1,2,2025-09-15,01:30:00,7,1,4.05,TLAXCALA,29,HUAMANTLA,1,HUAMANTLA,1,,0,90500,-97.921976,"19. 320394","PRIVADA DE LA VIRGEN, NUMERO 131, INTERIOR 02"
1859,4,"ROBO VEHICULO MOTO",1,2,2025-09-15,22:30:00,7,1,4.01.02.02,TLAXCALA,29,APIZACO,1,"SANTA ANITA HUILOAC",9,,0,90357,-98.14591328963,19.397571968539,"CALLE CINCO DE JUNIO NUMERO MIL DOSCIENTOS TR"
1860,4,"ROBO VEHICULO MOTO",1,2,2025-09-16,07:30:00,7,1,4.01.02.02,TLAXCALA,29,HUAMANTLA,1,HUAMANTLA,1,,0,90500,-97.924406615708,19.31636237108,"CALLE HUAMANTLA EDIFICIO TRESCIENTOS TRES, DE"
1861,7,"DESAPARICION COMETIDA POR PARTICULARES",1,1,2025-09-15,13:00:00,7,1,7.10,TLAXCALA,29,TEQUEXQUITLA,1,TEQUEXQUITLA,1,,0,90570,-97.663482408742,19.32495339344,TEQUEXQUITLA
1862,7,"DESOBEDIENCIA Y RESISTENCIA DE PARTICULARES",1,2,2025-09-17,16:40:00,7,1,7.10,TLAXCALA,29,CALPULALPAN,1,CALPULALPAN,1,,0,90208,-98.52609,19.57772,"CALLE TERRACERÍA PERTENECIENTE AL MUNICIPIO D"
1863,4,"ROBO CASA HABITACION",1,1,2025-09-15,15:30:00,1,1,4.01.01,TLAXCALA,29,"SAN PABLO DEL MONTE",1,"SAN PABLO DEL MONTE",1,,0,90990,-98.153348075203,19.118987024081,"CALLE PROLONGACIÓN ZARAGOZA NÚMERO 132, BARRI"
1864,4,"ROBO CASA HABITACION",1,2,2025-09-14,15:15:00,7,1,4.01.01,TLAXCALA,29,HUEYOTLIPAN,1,HUEYOTLIPAN,1,,0,90246,-98.384729117062,19.567145337746,"CARRETERA BENITO JUÁREZ- IGNACIO ZARAGOZA, CO"
1865,4,"ROBO COMERCIO ",1,2,2025-06-20,17:01:00,7,1,4.01.11,TLAXCALA,29,XILOXOXTLA,1,XILOXOXTLA,1,,0,90114,-98.199205924627,19.254981973061,"CARRETERA VÍA CORTA SANTA–PUEBLA, KILÓMETRO 9"
1866,4,"ROBO OTROS ",1,2,2025-09-14,06:00:00,7,1,4.01.13.03,TLAXCALA,29,HUAMANTLA,1,HUAMANTLA,1,,0,90515,-97.868298147429,19.358738456095,"COLONIA EL VALLE HUAMANTLA, TLAXCALA"
1867,4,"ROBO VEHICULO",1,1,2025-06-15,19:20:00,1,1,4.01.02.01,TLAXCALA,29,HUAMANTLA,1,HUAMANTLA,1,,0,90500,-97.922351304781,19.315381091084,"MUNICIPIO DE HUAMANTLA, ESTADO DE TLAXCALA."
1868,4,"ROBO VEHICULO MOTO",1,1,2025-09-06,23:40:00,1,1,4.01.02.02,TLAXCALA,29,TLAXCALA,1,TLAXCALA,1,,0,90000,-98.2279303,19.3265794,"BOULEVARD GUILLERMO VALLE CON ESQUINA GUILLER"
1869,2,"SECUESTRO EXPRESS",1,1,2025-09-17,05:30:00,1,1,2.01.04,TLAXCALA,29,TOCATLÁN,1,TOCATLÁN,1,,0,90480,-98.03562011826,19.393781025803,"TOCATLÁN, TLAXCALA."
1870,1,"HOMICIDIO DOLOSO ",1,1,2025-09-18,08:20:00,1,1,1.01.01,TLAXCALA,29,APIZACO,1,"SANTA MARÍA TEXCALAC",10,,0,90402,-98.08351,19.4206,"AVENIDA TOCHAC, COMUNIDAD SANTA MARÍA TEXCALA"
1871,7,NARCOMENUDEO,1,1,2025-09-18,09:30:00,7,1,7.01.01,TLAXCALA,29,"SANTA CRUZ",1,"SAN MIGUEL CONTLA",5,,0,90640,-98.134338,19.376894,"PRIVADA VICENT VAN GOGH DE LA UNIDAD HABITACI"
1872,4,"ROBO COMERCIO",1,1,2025-09-18,08:20:00,1,1,4.01.11,TLAXCALA,29,APIZACO,1,APIZACO,1,,0,90401,-98.118599201994,19.425379656098,"CALLE RIO COATZACOALCOS NÚMERO 1302, COLONIA "
1873,4,"ROBO VEHICULO",1,1,2025-09-18,21:30:00,1,1,4.01.02.01,TLAXCALA,29,TETLA,1,"TETLA DE LA SOLIDARIDAD ",1,,0,90438,-98.113668978253,19.482425056175,"MUNICIPIO DE TETLA DE LA SOLIDARIDAD, TLAXCAL"
1874,4,"ROBO VEHICULO MOTO",1,2,2025-09-18,11:12:00,7,1,4.01.02.02,TLAXCALA,29,APIZACO,1,APIZACO,1,,0,90300,-98.138736737793,19.415152060899,"APIZACO, TLAXCALA "
1875,7,FRAUDE,1,2,2005-09-19,12:10:00,7,1,4.02,TLAXCALA,29,TLAXCALA,1,OCOTLAN,8,,0,90100,-98.224401047569,19.324444900505,"CALLE GUSTAVO DÍAZ ORDAZ NO. 6 OCOTLÁN, TLAXC"
1876,1,"LESIONES DOLOSAS ",1,1,2025-09-18,20:50:00,3,1,1.02.01,TLAXCALA,29,TLAXCALA,1,"SANTA MARÍA ACUITLAPILCO",16,,0,90110,-98.236698113549,19.272927732857,"PRIVADA DE REFORMA NÚMERO 34-A DE LA COMUNIDA"
1877,7,NARCOMENUDEO,1,1,2025-09-19,15:05:00,7,1,7.01.01,TLAXCALA,29,PANOTLA,1,"SAN AMBROSIO TEXANTLA",5,,0,90151,-98.25497699516,19.352201187561,"AVENIDA JUÁREZ DE LA COMUNIDAD DE SAN AMBROSI"
1878,4,"ROBO COMERCIO",1,2,2025-09-19,08:00:00,7,1,4.01.11,TLAXCALA,29,HUAMANTLA,1,"SAN JOSÉ XICOTÉNCATL",44,,0,90515,-97.833457289585,19.351623130417,"AVENIDA XICOTÉNCATL SIN NÚMERO, ENTRE AVENIDA"
1879,4,"ROBO VEHICULO",1,1,2025-09-19,05:45:00,1,1,4.01.02.01,TLAXCALA,29,YAUHQUEMEHCAN,1,"SAN JOSE TETEL",8,,0,90454,-98.148858983077,19.424764182733,"CALLE CONSTITUCIÓN 1917, ESQUINA CON AVENIDA "
1880,4,"ROBO VEHICULO",1,1,2025-09-19,11:15:00,1,1,4.01.02.01,TLAXCALA,29,NATIVITAS,1,NATIVITAS,1,,0,90722,-98.331026767342,19.199718245875,"CARRETERA NATIVITAS - ANALCO, MUNICIPIO DE NA"
1881,4,"ROBO VEHICULO MOTO",1,1,2025-09-18,19:40:00,1,1,4.01.02.02,TLAXCALA,29,ZACATELCO,1,ZACATELCO,1,,0,90740,-98.243614013116,19.211742366694,"AVENIDA CRUZ COLORADO, SECCIÓN SEGUNDA, MUNIC"
1882,1,"LESIONES CULPOSAS ",2,2,2025-09-19,21:25:00,4,1,1.02.02,TLAXCALA,29,PAPALOTLA,1,PAPALOTLA,1,,0,90790,-98.1908354,19.169542,"CALLE CAÑADA MORELOS DEL BARRIO DE XALTIPA, P"
1883,4,"ROBO COMERCIO ",1,2,2025-09-20,03:00:00,7,1,4.01.11,TLAXCALA,29,APIZACO,1,APIZACO,1,,0,90339,-98.147788069251,19.417154567153,APIZACO
1884,4,"ROBO VEHICULO",1,1,2025-09-20,10:00:00,1,1,4.01.02.01,TLAXCALA,29,PAPALOTLA,1,"SAN MARCOS CONTLA",4,,0,90791,-98.199240343859,19.199932528639,"SAN MARCOS CONTLA, MUNICIPIO DE PAPALOTLA DE "
1885,4,"ROBO VEHICULO MOTO",1,1,2025-09-16,23:00:00,1,1,4.01.02.02,TLAXCALA,29,"SAN PABLO DEL MONTE",1,"SAN PABLO DEL MONTE",1,,0,90990,-98.164437321634,19.111641095721,"CALLE 5 DE FEBRERO, SAN PABLO DEL MONTE"
1886,4,"ROBO VEHICULO MOTO",1,2,2025-09-19,19:30:00,7,1,4.01.02.02,TLAXCALA,29,TLAXCALA,1,"SAN LUCAS CUAUHTELULPAN",14,,0,90110,-98.263276925816,19.296057652631,"AVENIDA INDEPENDENCIA NÚMERO SEIS, COLONIA EL"
1887,1,"LESIONES DOLOSAS ",1,1,2025-09-21,03:10:00,2,1,1.02.01,TLAXCALA,29,QUILETLA,1,QUILEHTLA,1,,0,90867,-98.21961,19.216185,"CALLE MOCTEZUMA, CASI CON CALLE 15 DE SEPTIEM"
1888,4,"ROBO COMERCIO",1,2,2025-09-21,00:00:00,7,1,4.01.11,TLAXCALA,29,CALPULALPAN,1,CALPULALPAN,1,,0,90203,-98.527354,19.584536,"CARRETERA FEDERAL MÉXICO VERACRUZ, KILÓMETRO "
1889,4,"ROBO EMPRESA",1,2,2025-09-21,16:30:00,7,1,4.01.13.01,TLAXCALA,29,"SAN PABLO DEL MONTE",1,"SAN PABLO DEL MONTE",1,,0,90960,-98.174984,19.130538,"CALLE 19 MARZO, SIN NÚMERO, BARRIO DE SAN COS"
1890,4,"ROBO VEHICULO",1,1,2025-09-20,23:00:00,1,1,4.01.02.01,TLAXCALA,29,NATIVITAS,1,NATIVITAS,1,,0,90710,-98.318624092524,19.232828246707,"CALLE INDÍGENAS TLAXCALTECAS, NÚMERO 199,  NA"
1891,4,"ROBO VEHICULO",1,1,2025-09-20,06:00:00,1,1,4.01.02.01,TLAXCALA,29,"SAN PABLO DEL MONTE",1,"SAN PABLO DEL MONTE",1,,0,90960,-98.181503136264,19.125238046194,"VÍA CORTA SANTA ANA PUEBLA A LA ALTURA DE SAN"
1892,4,"ROBO VEHICULO",1,1,2025-09-20,02:00:00,1,1,4.01.02.01,TLAXCALA,29,HUAMANTLA,1,HUAMANTLA,1,,0,90501,-97.922633477871,19.31732062383,"HUAMANTLA, TLAXCALA."
1893,4,"ROBO VEHICULO",1,2,2025-09-20,23:00:00,7,1,4.01.02.01,TLAXCALA,29,"SANTA CRUZ",1,"SAN MIGUEL CONTLA",5,,0,90640,-98.13166902682,19.399211591034,"LA CABAÑA DEL INDIO UBICADA EN APIZACO - STA."
1894,4,"ROBO VEHICULO",1,2,2025-09-21,08:00:00,7,1,4.01.02.01,TLAXCALA,29,XICOHTZINCO,1,XICOHTZINCO,1,,0,90708,-98.233807939352,19.175481673689,"CALLE GALEANA, NÚMERO 311, BARRIO EL RANCHO, "
1895,4,"ROBO VEHICULO",1,2,2025-09-21,12:00:00,7,1,4.01.02.01,TLAXCALA,29,ZACATELCO,1,ZACATELCO,1,,0,90750,-98.236303625867,19.192915677354,"CALLE BENITO JUÁREZ NÚMERO CUARENTA DOS, SECC"
1896,4,"ROBO VEHICULO",1,2,2025-09-21,03:30:00,7,1,4.01.02.01,TLAXCALA,29,TLAXCALA,1,TLAXCALA,1,,0,90114,-98.233687274659,19.30596878499,"CALLE CIRCÓN, NÚMERO 3, COLONIA LA JOYA, CP. "
1897,4,"ROBO VEHICULO",1,2,2025-09-20,23:00:00,7,1,4.01.02.01,TLAXCALA,29,APIZACO,1,APIZACO,1,,0,90356,-98.131566272317,19.404321676171,"AVENIDA ALCANFORES, COLONIA LOMA FLORIDA II, "
1898,4,"ROBO VEHICULO",1,2,2025-09-21,17:15:00,7,1,4.01.02.01,TLAXCALA,29,APIZACO,1,APIZACO,1,,0,90300,-98.135024899027,19.413445519462,"BOULEVARD 16 DE SEPTIEMBRE, NÚMERO 1202, COLO"
1899,4,"ROBO VEHICULO MOTO",1,2,2025-09-21,00:00:00,7,1,4.01.02.02,TLAXCALA,29,TLAXCALA,1,TLAXCALA,1,,0,90000,-98.238489027572,19.322693471599,"BOULEVARD LEONARDA GÓMEZ BLANCO, NÚMERO 13, C"
1900,3,"ABUSO SEXUAL",1,1,2025-09-20,19:00:00,3,1,3.01,TLAXCALA,29,PANOTLA,1,TECHACHALCO,10,,0,90145,-98.300708759838,19.324703303149,"CALLE FLORES MAGON TECHACHALCO PANOTLA"
1901,7,"DESAPARICION COMETIDA POR PARTICULARES",1,1,2025-07-31,13:00:00,7,1,7.10,TLAXCALA,29,"DOMINGO ARENAS",1,"MUÑOZ DE DOMINGO ARENAS",1,,0,90754,-98.291902982886,19.18113431031,"MUÑOZ DE DOMINGO ARENAS"
1902,4,FRAUDE,1,2,2025-02-23,12:00:00,7,1,4.02,TLAXCALA,29,CHIAUTEMPAN,1,CHIAUTEMPAN,1,,0,90802,-98.205228147606,19.318593048989,"PROLONGACIÓN DE VARELA, NUMERO 139, OCOTLÁN, "
1903,1,"HOMICIDIO DOLOSO ",1,1,2025-09-22,19:00:00,3,1,1.01.01,TLAXCALA,29,TETLANOHCAN,1,TETLANOHCAN,1,,0,90843,-98.181513,19.127576,"CALLE CUAUHTÉMOC, BARRIO SANTA CRUZ, MUNICIPI"
1904,4,"ROBO CASA HABITACION",1,2,2025-09-21,11:30:00,7,1,4.01.01,TLAXCALA,29,CUAPIAXTLA,1,CUAPIAXTLA,1,,0,90560,-97.770247417224,19.297378688893,"CUAPIAXTLA, TLAXCALA."
1905,4,"ROBO COMERCIO",1,2,2025-09-22,08:09:36,7,1,4.01.11,TLAXCALA,29,APETATITLAN,1,TLATEMPAN,5,,0,90600,-98.198311881457,19.331653530574,"CARRETERA VÍA CORTA APIZACO PUEBLA KM 31, TLA"
1906,4,"ROBO COMERCIO",1,2,2025-09-22,03:40:00,7,1,4.01.11,TLAXCALA,29,TLAXCALA,1,"SANTA MARIA ACUITLAPILCO",16,,0,90110,-98.2390468404,19.283613498064,"SANTA MARIA ACUITLAPILCO, DE TLAXCALA"
1907,4,"ROBO COMERCIO",1,2,2025-09-22,07:20:00,7,1,4.01.11,TLAXCALA,29,HUAMANTLA,1,HUAMANTLA,1,,0,90508,-97.907127554509,19.32074941702,"TRACTORES MAHINDRA MAGRI UBICADO EN CARRETERA"
1908,4,"ROBO COMERCIO",1,2,2025-08-29,17:00:00,7,1,4.01.11,TLAXCALA,29,HUAMANTLA,1,HUAMANTLA,1,,0,90500,-97.921735407856,19.314956492774,"EL VALLE – XICOHTENCATL, NÚMERO 600, COLONIA "
1909,4,"ROBO COMERCIO ",1,2,2025-09-17,21:00:00,7,1,4.01.11,TLAXCALA,29,APIZACO,1,APIZACO,1,,0,90338,-98.15179018484,19.418939054394,"CALLE DESIDERIO HERNANDEZ NÚMERO 312 COLONIA "
1910,4,"ROBO EN TRANS INDIVIDUAL",1,1,2025-09-22,10:00:00,1,1,4.01.09,TLAXCALA,29,ZACATELCO,1,ZACATELCO,1,,0,90750,-98.233263428434,19.207760971598,"BARRANCA SECA, BARRIO DE EXQUITLA, TERCERA SE"
1911,4,"ROBO ESCUELA",1,2,2025-09-22,07:30:00,7,1,4.01.14,TLAXCALA,29,"SAN PABLO DEL MONTE",1,"SAN ISIDRO BUENSUCESO",2,,0,90890,-98.11446863491,19.148804445766,"PRIVADA MALINTZI SIN NÚMERO, SAN SAN ISIDRO B"
1912,4,"ROBO VEHICULO MOTO",1,2,2025-09-22,16:40:00,7,1,4.01.02.02,TLAXCALA,29,TLAXCALA,1,TLAXCALA,1,,0,90000,-98.238700695513,19.320786941965,"CALLE IGNACIO ALLENDE, TLAXCALA, COMO REFEREN"
1913,7,"ALLANAMIENTO DE MORADA",1,2,2025-09-23,12:00:00,7,1,7.03,TLAXCALA,29,IXTENCO,1,IXTENCO,1,,0,90130,-97.896683,19.247433,"CALLE 7 PONIENTE, NUMERO 30, LETRA B, BARRIO "
1914,7,"ELABORACIÓN O ALTERACIÓN Y USO INDEBIDO DE PLACAS, ENGOMADOS  ",1,2,2025-09-23,12:50:00,7,1,7.10,TLAXCALA,29,XALOSTOC,1,XALOZTOC,1,,0,90460,-98.05646,19.39633,"CALLE ADOLFO LÓPEZ MATEOS, SIN NÚMERO, COLONI"
1915,1,"HOMICIDIO DOLOSO",1,1,2025-09-23,11:15:00,1,1,1.01.01,TLAXCALA,29,TEQUEXQUITLA,1,TEQUEXQUITLA,1,,0,90570,-97.6412319,19.3297473,"CAMINO A SAN ANTONIO VILLA DEL CARMEN TEQUEXQ"
1916,7,"PORTACION DE OBJETO APTO PARA AGREDIR",1,2,2025-09-23,17:40:00,7,1,7.10,TLAXCALA,29,APIZACO,1,APIZACO,1,,0,90402,-98.148397,19.408148,"AVENIDA ZARAGOZA Y CALLE JOSÉ ARAMBURU  DEL F"
1917,4,"ROBO EN TRANS INDIVUDAL",1,1,2025-09-09,19:30:00,1,1,4.01.09,TLAXCALA,29,"SAN PABLO DEL MONTE",1,"SAN PABLO DEL MONTE",1,,0,90990,-98.139241700556,19.134695075249,"CALLE LÁZARO CÁRDENAS NUMERO 439, BARRIO SAN "
1918,4,"ROBO TRANSEUNTE",1,1,2025-09-23,09:00:00,1,1,4.01.05,TLAXCALA,29,APIZACO,1,APIZACO,1,,0,90300,-98.13780134831,19.414779006733,"BOULEVARD DIECISÉIS DE SEPTIEMBRE DOSCIENTOS "
1919,4,"ROBO TRANSEUNTE ",1,1,2025-09-22,17:30:00,1,1,4.01.05,TLAXCALA,29,NATIVITAS,1,"GUADALUPE VICTORIA ",5,,0,90715,-98.332886578198,19.233698079935,"VICENTE GUERRERO 2 DE LA COMUNIDAD DE GUADALU"
1920,4,"ROBO VEHICULO",1,1,2025-09-22,04:00:00,1,1,4.01.02.01,TLAXCALA,29,ATLANGATEPEC,1,"SAN PEDRO ECATEPEC",8,,0,90415,-98.153843478535,19.521401108444,"CALLE NUEVA, SAN PEDRO ECATEPEC, ATLANGATEPEC"
1921,4,"ROBO VEHICULO",1,2,2025-09-22,23:20:00,7,1,4.01.02.01,TLAXCALA,29,CHIAUTEMPAN,1,CHIAUTEMPAN,1,,0,90807,-98.204406060035,19.307503898393,"CALLE REVOLUCIÓN NO. 30, COLONIA EL ALTO, DEL"
1922,4,"ROBO VEHICULO MOTO",1,1,2025-09-23,10:45:00,1,1,4.01.02.02,TLAXCALA,29,ZACATELCO,1,ZACATELCO,1,,0,90750,-98.239664762833,19.203918313826,"CARRETERA FEDERAL GALEANA, SIN NÚMERO, MUNICI"
1923,4,EXTORSION,1,1,2025-09-22,19:00:00,5,1,4.04.02,TLAXCALA,29,TLAXCO,1,TLAXCO,1,,0,90250,-98.119916143687,19.611887582982,TLAXCO
1924,7,"DESAPARICION COMETIDA POR PARTICULARES",1,1,2025-09-20,12:00:00,7,1,7.10,TLAXCALA,29,QUILETLA,1,QUILETLA,1,,0,90867,-98.223672000199,19.214019929858,"SANTA CRUZ QUILETLA"
1925,7,"PORTACION DE OBJETO APTO PARA AGREDIR",1,2,2025-09-24,00:15:00,7,1,7.10,TLAXCALA,29,APIZACO,1,APIZACO,1,,0,90358,-98.135540574944,19.411386900102,"CALLE FRANCISCO I. MADERO NORTE PLAN DE AYALA"
1926,4,"ROBO CASA HABITACION",1,1,2025-09-25,11:55:00,1,1,4.01.01,TLAXCALA,29,"SAN PABLO DEL MONTE",1,"SAN PABLO DEL MONTE",1,,0,90930,-98.150975738388,19.133295378809,"CALLE INDECO NO.202, BARRIO DE SAN NICOLAS, S"
1927,4,"ROBO CASA HABITACION",1,2,2025-09-24,20:10:00,7,1,4.01.01,TLAXCALA,29,TLAXCO,1,TLAXCO,1,,0,90255,-98.114711514583,19.627097325213,"CALLE DOMIBGO ARENAS S/N EL SABINAL TLAXCO TL"
1928,4,"ROBO CASA HABITACION",1,2,2025-09-24,21:00:00,7,1,4.01.01,TLAXCALA,29,CUAXOMULCO,1,CUAXOMULCO,1,,0,90660,-98.098496639484,19.355419689483,"CUAXOMULCO, TLAXCALA."
1929,4,"ROBO COMERCIO",1,1,2025-09-21,18:30:00,1,1,4.01.11,TLAXCALA,29,PAPALOTLA,1,PANZACOLA,2,,0,90796,-98.223301686862,19.147512985684,"CARRETERA FEDERAL PUEBLA – TLAXCALA, SIN NÚME"
1930,4,"ROBO EN TRANS PUB PAS",1,1,2025-09-24,12:10:00,1,1,4.01.08,TLAXCALA,29,XICOHTZINCO,1,XICOHTZINCO,1,,0,90780,-98.238884327342,19.184607528168,"CALLE DEMOCRACIA, EN LA SECCIÓN DE XICOHTZING"
1931,4,"ROBO TRANSEUNTE ",1,1,2025-09-23,04:02:00,1,1,4.01.05,TLAXCALA,29,TETLATLAHUCA,1,TETLATLAHUCA,1,,0,90730,-98.29316339014,19.232262704732,"AVENIDA A SANTA PORTALES NÚMERO 18, DEL MUNIC"
1932,1,"LESIONES CULPOSAS",2,2,2025-09-24,19:50:00,4,1,1.02.02,TLAXCALA,29,CHIAUTEMPAN,1,CHIAUTEMPAN,1,,0,90807,-98.200573,19.32623,"CARRETERA: 121(PUEBLA TLAXCALA) SANTA ANA CHI"
1933,7,NARCOMENUDEO,1,2,2025-09-24,19:20:00,7,1,7.01.01,TLAXCALA,29,APIZACO,1,APIZACO,1,,0,90337,-98.149966124792,19.412471578017,"CALLE BARBERÁN Y COLLAR CON DIRECCIÓN A CALLE"
1934,4,"ROBO CASA HABITACION",1,2,2025-09-24,18:00:00,7,1,4.01.01,TLAXCALA,29,APIZACO,1,"GUADALUPE TEXCALAC",3,,0,90430,-98.080446776009,19.437637319484,"CALLE ENCINOS NÚMERO DOSCIENTOS OCHO DE GUADA"
1935,4,"ROBO COMERCIO",1,1,2025-09-25,18:00:00,2,1,4.01.11,TLAXCALA,29,TETLA,1,"TETLA DE LA SOLIDARIDAD ",1,,0,90430,-98.102941475229,19.442062996025,"CALLE REPUBLICA DE ARGENTINA, ENTRE CALLE BUE"
1936,4,"ROBO VEHICULO MOTO",1,2,2025-09-24,14:00:00,7,1,4.01.02.02,TLAXCALA,29,TEPEYANCO,1,TEPEYANCO,1,,0,90180,-98.24048887285,19.245608915262,"ESTACIONAMIENTO INSTITUCIÓN CECYTE DEL MUNICI"
1937,7,"DESAPARICION COMETIDA POR PARTICULARES",1,1,2025-09-25,20:00:00,7,1,7.10,TLAXCALA,29,HUAMANTLA,1,HUAMANTLA,1,,0,90507,-97.916006365524,19.304834265319,"BARRIO SAN LUCAS HUAMANTLA"
1938,1,"LESIONES CULPOSAS ACC AUTO",2,2,2025-09-26,18:10:00,4,1,1.02.02,TLAXCALA,29,APIZACO,1,"SAN LUIS APIZAQUITO",7,,0,90401,-98.117552295412,19.422449233602,"CALLE ÁNGEL SOLANA Y CALZADA APIZAQUITO  DE L"
1939,7,"ROBO TRANSEUNTE",1,1,2025-09-25,17:12:00,1,1,4.01.05,TLAXCALA,29,HUAMANTLA,1,"RANCHERÍA LOS PILARES ",25,,0,90510,-97.94830806691,19.267439838625,"RANCHERÍA LOS PILARES DEL MUNICIPIO DE HUAMAN"
1940,7,"ROBO VEHICULO MOTO",1,2,2025-09-26,15:00:00,7,1,4.01.02.02,TLAXCALA,29,YAUHQUEMEHCAN,1,"SANTA MARÍA ATLIHUETZIA",6,,0,90459,-98.177031315838,19.385272857037,"EMPRESA COCA COLA, UBICADO EN LA CALLE AXCOTE"
1941,7,"ROBO VEHICULO MOTO",1,2,2025-09-23,22:00:00,7,1,4.01.02.02,TLAXCALA,29,"SAN PABLO DEL MONTE",1,"SAN PABLO DEL MONTE",1,,0,90940,-98.159082354374,19.133597406341,"CALLE DOMINGO ARENAS, PRIVADA DEFENSORES DE L"
1942,5,"VIOLENCIA FAMILIAR",1,1,2025-09-22,16:45:00,3,1,5.01,TLAXCALA,29,TLAXCALA,1,TLAXCALA,1,,0,90000,-98.236493884169,19.318529484845,TLAXCALA
1943,7,"ALLANAMIENTO DE MORADA",1,2,2025-09-27,04:42:00,7,1,7.03,TLAXCALA,29,TLAXCO,1,TLAXCO,1,,0,90250,-98.123928480901,19.606880826102,"CALLE FRANCISCO I. MADERO, TLAXCO, TLAXCALA"
1944,1,"HOMICIDIO DOLOSO ",1,1,2025-09-27,08:00:00,1,1,1.01.01,TLAXCALA,29,"A TEACALCO",1,"SANTA APOLONIA TEACALCO",1,,0,90725,-98.308956,19.241859,"CALLE XICOHTENCATL DE SANTA APOLONIA TEACALCO"
1945,4,"ROBO COMERCIO",1,2,2025-09-26,18:28:00,7,1,4.01.11,TLAXCALA,29,TLAXCALA,1,TLAXCALA,1,,0,90000,-98.229881,19.324277,"GUILLERMO VALLE NÚMERO 111, COLONIA CENTRO, T"
1946,4,"ROBO GANADO",1,2,2025-09-27,09:00:00,7,1,4.01.12,TLAXCALA,29,TLALTELULCO,1,TLALTELULCO,1,,0,90834,-98.186900078105,19.265850772837,"PREDIO DENOMINADO “EL CERRITO”, UBICADO EN PR"
1947,4,"ROBO VEHICULO",1,1,2025-09-26,20:00:00,1,1,4.01.02.01,TLAXCALA,29,TETLA,1,"TETLA DE LA SOLIDARIDAD ",1,,0,90301,-98.14531,19.6052,"CARRETERA APIZACO TLAXCALA #31, 5 SECCIÓN AGR"
1948,4,"ROBO VEHICULO",1,2,2025-09-27,01:00:00,7,1,4.01.02.01,TLAXCALA,29,APIZACO,1,APIZACO,1,,0,90300,-98.140474028773,19.415927084751,"APIZACO, TLAXCALA"
1949,4,"ROBO VEHICULO",1,2,2025-09-26,21:45:00,7,1,4.01.02.01,TLAXCALA,29,XALOZTOC,1,XALOZTOC,1,,0,90460,-98.040787456889,19.412340970785,"CALLE MIGUEL HIDALGO, PRIMERA SECCIÓN, MUNICI"
1950,4,"ROBO VEHICULO",1,2,2025-09-27,17:15:00,7,1,4.01.02.01,TLAXCALA,29,"DOMINGO ARENAS",1,"MUÑOZ DE DOMINGO ARENAS ",1,,0,90420,-98.224024,19.492825,"MUÑOZ DE DOMINGO ARENAS , TLAXCALA"
1951,4,"ROBO VEHICULO MOTO",1,2,2025-09-26,17:30:00,7,1,4.01.02.02,TLAXCALA,29,CHIAUTEMPAN,1,CHIAUTEMPAN,1,,0,90806,-98.18119711904,19.307051759141,"CALLE ADOLFO LÓPEZ MATEOS NÚMERO 22, BARRIO T"
1952,1,"LESIONES CULPOSAS ",2,2,2025-09-25,11:55:00,4,1,1.02.02,TLAXCALA,29,QUILETLA,1," SANTIAGO AYOMETITLA",2,,0,90867,-98.196949,19.208732,"CARRETERA VÍA CORTA SANTA ANA CHIAUTEMPAN PUE"
1953,1,"LESIONES CULPOSAS ",2,2,2025-09-28,09:25:00,4,1,1.02.02,TLAXCALA,29,TLAXCO,1,TLAXCO,1,,0,90130,-98.1181555,19.5139197,"CARRETERA APIZACO, TEJOCOTAL, KILOMETRO 12+00"
1954,7,NARCOMENUDEO,1,2,2025-09-28,12:28:00,7,1,7.01.01,TLAXCALA,29,PANOTLA,1,"SAN FRANCISCO TEMETZONTLA",5,,0,90155,-98.28066,19.341305,"CARRETERA HACIA TEMETZONTLA, COLONIA SAN FRAN"
1955,4,"ROBO VEHICULO",1,2,2025-09-28,01:00:00,7,1,4.01.02.01,TLAXCALA,29,TEXOLOC,1,TEXOLOC,1,,0,90736,-98.286277040363,19.277119865684,"CALLE LÁZARO CÁRDENAS, SIN NÚMERO, BARRIO LA "
1956,4,"ROBO VEHICULO",1,2,2025-09-27,11:00:00,7,1,4.01.02.01,TLAXCALA,29,TEPETITLA,1,TEPETITLA,1,,0,90700,-98.370918598177,19.258905873547,"CALLE BENITO JUÁREZ NÚMERO TRES, EN EL MUNICI"
1957,7,"DESAPARICION COMETIDA POR PARTICULARES",1,1,2025-09-27,11:00:00,7,1,7.10,TLAXCALA,29,TLAXCALA,1,TLAXCALA,1,,0,90118,-98.217275094036,19.316223366645,"LOMA BONITA TLAXCALA"
1958,1,"LESIONES CULPOSAS ",2,2,2025-09-28,20:12:00,4,1,1.02.02,TLAXCALA,29,TLAXCALA,1,"SAN GABRIEL CUAUHTLA",12,,0,90117,-98.232488,19.311698,"AVENIDA JUAREZ ENTRE CALLE ALLENDE Y ADOLFO L"
1959,1,"LESIONES CULPOSAS ",2,2,2025-09-29,13:20:00,4,1,1.02.02,TLAXCALA,29,APIZACO,1,APIZACO,1,,0,90300,-98.08142,19.4034695,"CARRETERA 136 LOS REYES - ZACATEPEC, TRAMO: A"
1960,7,"PORTACION DE OBJETO APTO PARA AGREDIR",1,2,2025-09-29,19:10:00,7,1,7.10,TLAXCALA,29,TZOMPANTEPEC,1,"SAN MATEO INOPHIL",5,,0,90494,-98.056086,19.371745,"CALLE BENITO JUÁREZ, DE LA COMUNIDAD DE SAN M"
1961,4,"ROBO CASA HABITACION",1,1,2025-09-26,17:45:00,1,1,4.01.01,TLAXCALA,29,TEPETITLA,1,"VILLA ALTA",9,,0,90700,-98.404578996813,19.293834321384,"CARRETERA FEDERAL TLAXCALA, SAN MARTIN SIN NÚ"
1962,4,"ROBO CASA HABITACION",1,2,2025-09-26,16:30:00,7,1,4.01.01,TLAXCALA,29,TLAXCALA,1," LA TRINIDAD TEPEHITEC",18,,0,90115,-98.249115720516,19.302126232012,"CALLE DEL ROBLE NÚMERO DIECISIETE, LA TRINIDA"
1963,4,"ROBO COMERCIO",1,1,2025-09-28,22:49:00,1,1,4.01.11,TLAXCALA,29,"SAN PABLO DEL MONTE",1,"SAN PABLO DEL MONTE",1,,0,90900,-98.170370458469,19.11896427553,"CALLE TLAXCALA DEL BARRIO DE SAN BARTOLOMÉ, S"
1964,4,"ROBO COMERCIO",1,1,2025-09-28,22:00:00,1,1,4.01.11,TLAXCALA,29,APIZACO,1,APIZACO,1,,0,90300,-97.965526,19.332875,"CARRETERA APIZACO HUAMANTLA, ESQUINA ÁLVARO O"
1965,4,"ROBO ESCUELA",1,2,2025-09-28,08:00:00,7,1,4.01.14,TLAXCALA,29,"SAN PABLO DEL MONTE",1,"SAN ISIDRO BUENSUCESO",2,,0,90890,-98.109243634833,19.15271560621,"CALLE FRANCISCO I. MADERO SIN NUMERO, SAN ISI"
1966,4,"ROBO VEHICULO",1,1,2025-09-29,15:46:00,1,1,4.01.02.01,TLAXCALA,29,HUAMANTLA,1,HUAMANTLA,1,,0,90501,-97.922633477871,19.31732062383,"MUNICIPIO DE HUAMANTLA, ESTADO DE TLAXCALA."
1967,4,"ROBO VEHICULO",1,2,2025-09-29,13:10:00,7,1,4.01.02.01,TLAXCALA,29,TEPEYANCO,1,"SAN COSME ATLAMAXAC",3,,0,90180,-98.224210988142,19.238525577776,"CALLE JOSEFA ORTIZ DE DOMÍNGUEZ NO. 5, PUEBLO"
1968,4,"ROBO VEHICULO MOTO",1,2,2025-09-29,16:00:00,7,1,4.01.02.02,TLAXCALA,29,APETATITLAN,1,APETATITLAN,1,,0,90600,-98.193482133776,19.336325375986,"CALLE SANTOS DEGOLLADO DEL MUNICIPIO DE SAN P"
1969,7,AMENAZAS,1,1,2025-09-30,08:00:00,3,1,7.02,TLAXCALA,29,ZACATELCO,1,ZACATELCO,1,,0,90750,-98.248442230413,19.19864434384,ZACATELCO
1970,4,DAÑOS,1,2,2025-09-29,21:00:00,7,1,4.05,TLAXCALA,29,CALPULALPAN,1,CALPULALPAN,1,,0,90200,-98.568361915786,19.589226762492,"AVENIDA ZARAGOZA CON DIRECCIÓN DE NORTE A SUR"
1971,1,"LESIONES CULPOSAS ",2,2,2025-09-29,20:30:00,4,1,4.05,TLAXCALA,29,NOPALUCAN,1,NOPALUCAN,1,,0,90124,-98.326323,19.315323,"CARRETERA FEDERAL TEXMELUCAN TLAXCALA A LA AL"
1972,4,"ROBO TRANSEUNTE",1,1,2025-09-30,13:20:00,1,1,4.05,TLAXCALA,29,APIZACO,1,APIZACO,1,,0,90300,-98.140390008701,19.41602132351,"APIZACO, TLAXCALA "
1973,4,"ROBO TRANSEUNTE",1,1,2025-09-30,13:50:00,1,1,4.05,TLAXCALA,29,APIZACO,1,APIZACO,1,,0,90300,-98.140390008701,19.41602132351,"APIZACO, TLAXCALA "